31.87894693438673,0.4364138871639439,14.864925354423521,42.25283263586173,10.276103320062262,9.144007885263381,2.9576563798400897,13.618920526579105,22.605322314552136,23.820068501892912,4.847591491515434,11.762419794932873,3.3048421781649218,11.040082576043556,6.827287085787118,17.54140712221196,13.66330872084606,23.12419929660579,0.8418234456254348,4.193319996825174,-1
12.773492969629102,0.8578221909368859,6.595728933165395,5.183923003583201,4.495136690492614,7.829791156561879,0.509491353037485,6.230910020380368,6.832382862173157,9.8580473388586,1.3734761878848971,7.90763102276635,7.358403314352591,5.230101872951631,6.632662458181961,9.818323723504001,11.899385182256871,15.539906022770248,0.8021433162791162,3.276656170487884,-1
29.506458668016354,1.3771847198567129,19.167023458300715,17.22334639975908,17.435777666811834,29.9419938597172,3.730434585541225,23.0675853303141,22.055323768477646,24.021770687648644,8.83943989985088,24.413899474904532,12.772483714524801,14.999994845475918,15.819656634276713,34.16698954977266,29.487096349915866,21.79988148556903,2.2383627878533066,11.937721034139496,-1
45.47405174312267,2.171144177425239,27.6556920116853,22.063533555690274,13.254630474254892,35.62827463672056,4.589759291712122,25.428206005361652,24.06357372526359,30.738866540728473,8.789743709763579,21.89548069848187,18.19051198469142,15.964933939515976,16.682217955709326,29.77185386036756,38.712343455172075,35.62433685947592,4.421584415050198,11.880077005415487,-1
27.059731891913753,5.26613774926699,24.234508463384564,12.049606210131167,13.223784243102308,25.662223910425293,1.227263004470215,16.416352614096407,13.340650210243728,23.446812552332535,4.171223308824724,17.01223298103085,23.632676217769166,9.300390942181544,18.73301954030453,23.912026127182912,22.04999341513855,29.353604585800376,6.099476503549334,14.797855954003804,-1
26.64857553657637,7.201495019195362,19.412428086549752,22.14092155930774,10.964234270119942,27.46760457973104,6.249617746692982,21.66082932261996,17.389374977446895,25.75488151149061,4.558294734475001,18.486433527805747,22.337280554667053,13.643305980997669,15.825132884415515,31.899008866156276,32.80370050114351,30.988116822728415,6.166443975619883,14.404471892001185,-1
29.11953488960188,4.772717320401548,18.706092452604427,9.363416546825043,10.772448102075725,51.772430925893694,0.5909057734671826,22.45343695734752,14.297444994015418,28.524011687344235,4.929012854423531,15.999587584420249,13.701873372079007,9.772717320401547,5.883828116267298,28.99500158341519,28.746565168683702,28.292223532712512,1.0,12.297427817833388,-1
90.5,2.0,34.5,42.0,27.5,46.5,17.0,42.5,24.0,79.5,23.0,27.0,34.0,21.0,50.5,66.5,51.0,58.5,10.0,21.5,-1
16.41977087294571,0.9236023037061939,10.350048606362064,11.182767604345116,5.879437802810935,13.911935874428346,1.821375005504297,11.385246427797357,9.798162419596235,14.536601161635089,3.0950921371075286,9.003433236225431,10.239091060868132,7.2826263482088205,7.662446637916879,10.15841612065164,14.90142455020149,14.08447169504162,2.537779351244058,5.825277653232033,-1
8.74870648083538,0.3136113557259606,3.0066304984385046,4.761503462998203,1.8938492514372451,4.508688547831501,0.6489475620100321,3.312956006448892,2.7541535028106323,6.880548600928764,1.927029771872835,1.598568219045056,1.3807294720077652,3.9832108366851453,7.7627385811766345,3.9150981974162025,3.881486931851421,4.006463493654325,0.32094071885695413,2.3951559105377913,-1
29.974179798456696,3.232538758929637,19.795971201196238,18.808485712529112,11.64425300149695,21.94046369957198,6.171095082939477,22.878369671587375,16.82126290446997,38.70965747485808,7.842056171340919,13.037691438481053,15.879431680362245,13.086606914562083,20.52725232707836,22.51026200449759,16.829556227594743,23.197092679847977,2.288293727508435,6.826141738046777,-1
55.9171298360763,2.164976673777942,27.786321930841787,30.42738371695587,19.944195254498126,46.60161793114116,5.5970170568488085,29.35201756526988,23.274549379904375,37.32307268712883,15.679526518395846,28.42439867177075,21.11653648732052,20.071537073892635,21.375528966833798,35.41173508865111,42.09333434335308,35.3616954083373,4.120428732722649,18.9616843010627,-1
9.51689773055909,0.2001287026640757,4.10253269578891,4.988536741087589,4.525195196913669,5.123083615261257,2.239405655426973,4.226954617588711,5.496088857954406,1.3884910703972224,3.1212931062270286,4.026081787690399,2.414102850615177,1.8941251358086748,2.021569940413658,5.746450547493986,6.858209810677299,6.969855765538521,1.1245675328534834,4.017609573342222,-1
31.12410762320705,1.4016714009992546,22.61135238636548,20.88582543608897,13.658656894625913,23.818998486707216,4.03260456200075,20.445754119047614,18.669454425580035,28.4688019036121,8.31901619782369,15.601068767953837,17.423417468831932,13.081719610597597,17.618295351295984,19.074518884753417,24.33329727160651,25.819600342635653,4.057952117922326,11.55439047250501,-1
9.409199760083274,2.888764174769008,7.1260915777151315,8.338049781447932,7.804590512711966,6.710746961005746,2.3764012618913033,10.079741003975181,9.478943094117575,14.408973753700817,3.356836310817877,6.3450537496360795,5.482088762236721,5.0102138716685305,5.323018375164277,9.093047857667909,7.087311949608868,10.222282414531035,1.6040499979897198,4.855885371200951,-1
30.0,0.0,9.0,7.0,5.0,22.0,1.0,9.0,12.0,24.0,6.0,10.0,1.0,23.0,5.0,13.0,11.0,7.0,3.0,9.0,-1
29.433565010172064,3.505625339127438,19.031125355181537,14.829929805541822,10.101204142197654,32.081270283063056,9.223711251585252,19.171716894497052,19.1602721150957,22.965007501863305,6.082414080923103,17.1457497759788,18.125035570744963,15.407027978546203,17.427835610260466,21.470473861859528,22.740238601356285,22.988303316652104,6.396601938259617,13.716242361804401,-1
11.20408957292165,0.9968934269354314,20.41183950594761,25.983695040979594,18.64067886442163,15.68904921491029,2.9700318568609174,16.571939885268314,12.814431094717017,18.689992599551847,6.633945913931294,17.429211947712886,10.670658412610027,12.485455133514238,8.901321919179892,14.211831662293868,12.360842106297632,14.297911158269592,1.7069867278911317,13.32587902857246,-1
28.02389291573846,1.213780085844999,18.518705371083485,17.596743267888186,11.35501104405642,29.44966622414664,3.528770372154806,17.969424480309197,15.0193294955325,25.156781283142653,7.894466915325884,14.832549257007406,12.175126090789146,11.21862307662067,13.82572991275875,19.762335382485006,23.210426163497562,22.739679003632034,3.7327367013248933,8.776088572132794,-1
10.608093659168377,1.2968985455484214,9.678177473991195,10.589292890561449,9.097698844285558,11.727421913025198,2.474347538316074,9.177967312242354,8.231109814136452,12.792159150350566,3.902811573979165,8.782536586831196,6.782648714765944,6.334453408362767,7.479377287430284,11.789404272942896,11.758441046217408,11.591263083460774,3.2086369224915376,5.697947704962391,-1
3.5,2.0,0.5,1.0,1.5,1.0,0.0,4.5,1.0,4.5,2.0,1.0,0.5,0.0,1.5,4.0,2.5,6.0,0.0,2.0,-1
18.728560137708328,0.8809441606152685,14.266440330608088,12.838984820970685,7.952372859678715,19.718092727790335,1.9625525292823496,10.898233228583255,10.67278974962902,15.50870525731386,3.901596074805859,7.555623342045939,10.196841444127216,4.779370947463707,6.332489643195301,11.014715130264067,17.39348169371439,14.743053500887822,2.89411567293693,5.76270308070668,-1
7.878393666600024,0.0,0.7226626561883458,0.6303915745432075,1.7595931136741787,16.373235470893277,0.4418284001291189,3.9293701870813904,2.339624665308218,6.74367483334039,4.156861793151448,4.500593689182798,2.49329207195436,1.6502397333986334,0.8627168358407704,9.79221447025717,4.842244859703216,4.032818030418236,1.3485002079366926,0.5028917193616457,-1
62.03030940025375,3.8765999888299043,34.1826841395826,28.50233420532913,19.952894660939617,49.21935572417945,5.516420916877937,33.5517215424867,24.35745774280601,45.822567829555524,9.069614475241131,28.877306696044084,24.077492788803827,18.264250663695332,24.839331384584305,37.818385360641514,46.454860850760056,47.21503970019045,5.46638869462467,19.904820452613496,-1
17.208632583308386,2.6348919327403983,13.403469350221393,14.378830469551845,9.033493897616182,16.72403498454126,4.572859213982288,15.882376233740041,12.880600875152139,24.69601555860971,5.073598405745907,8.603455321104857,9.566684076333914,9.004377887333732,13.716093206126548,14.073494619538348,12.144620381734851,14.956606979791172,2.1891112716582453,6.259494664236715,-1
14.0,2.0,5.0,1.0,1.0,9.0,0.0,3.0,4.0,13.0,3.0,8.0,9.0,6.0,4.0,12.0,6.0,7.0,4.0,6.0,-1
41.799091059128656,3.4842399264856936,24.508045082045378,20.591219355866084,14.63798604007081,29.88061365516323,4.656481378625884,25.754576074138196,17.20808420413111,33.14917197702408,7.953540858509277,19.67575857204864,17.244976363313384,13.476076335804333,18.301284250851864,23.63012858293454,26.7734791166357,32.3650916730211,4.731644391941878,13.17851496334878,-1
16.81438099087784,0.7933949070565112,12.381147084166722,12.65343380307874,7.208627881545547,16.678740414135028,1.657053772965779,8.438727300852335,10.259314111719016,11.732512251148504,4.0846022218046025,6.704558152504757,7.917051190683769,6.278316202278399,5.41717169612549,12.116864905019236,16.065470673340887,12.05791276880369,2.147864112001079,5.593759548214108,-1
15.185229951639105,0.0,3.6189924221699212,5.443848022980308,0.0979371483686676,11.194651695447098,0.0979371483686676,3.4721904414458713,16.460408235708865,4.365743065220605,2.203015362140071,1.907713176659894,4.808056520924828,4.33029752549502,2.953039722610243,6.123403825611464,5.096095634395336,11.249318944689769,0.1958742967373352,0.1958742967373352,-1
8.200288730049316,1.8565108013864202,3.2914160652364397,2.655031490814303,3.9650019402099193,6.131191738771739,1.332384118729858,5.951720985625458,6.051196387311317,8.247524765597044,2.7801096905390303,5.795242416341117,2.0498885892028733,2.33818438996986,2.363286783642451,8.319703961995808,6.016921768406445,6.126069632233205,1.275953192559233,4.253174119744094,-1
48.92780172321378,1.7718064673297826,27.551661326990562,17.570941626790496,15.027538272186293,35.28021691870595,5.915616927747259,24.230071373129473,18.861083248699963,31.81018966347105,8.618801153367418,21.11731162750444,18.03324103400959,15.455027175655466,16.276349468494683,26.338804905683844,37.899554720252155,36.23374579314653,3.519144984199491,12.565591144883648,-1
32.14339558706717,0.0,4.36298446921755,13.323014859781214,9.825603350120012,18.646492905006802,2.5024319102118926,7.974848573142447,10.835523589198415,19.1591655808641,1.676424115525137,10.337865034567535,7.3382120577625685,13.342968885530357,14.188774125839348,17.471843841434207,7.979807623193606,16.54714059960159,2.0,10.338212057762568,-1
17.442755099904808,0.6755047794555575,8.027454523668526,7.051432246933464,6.04989329085395,15.14224398303378,2.5186507072926214,9.40448777873611,8.65436317410888,12.911517474617993,5.873090090022657,9.96271373177903,7.957750322499135,5.717935405087286,9.258297511269136,8.993819469271381,7.880359913613318,7.847260439023971,2.6172505940070843,6.013239427598289,-1
29.160201080364303,0.0,6.697472004171835,9.233127003946105,4.506959009806892,15.417625436116285,0.697973887429826,9.331171590839485,11.57490907156582,16.020222908809348,6.794832831785098,17.912571698408346,7.114221140736383,16.002488593864967,8.602149734886629,15.981326487052636,11.020712967825528,7.73252217904384,1.3402615109598033,3.859929150033672,-1
21.773467311766353,1.3541639117203157,16.562213092807028,14.421178286890925,15.984511028872756,27.52345759163379,3.068585349597074,22.094972563694398,14.638625316756917,26.989860063870253,9.350419080928678,21.790684306901394,10.324240803244,13.652654063144267,13.497904946149632,30.163867493373786,22.856429065788152,19.875131452547855,4.717707411656226,9.35871040786449,-1
36.0,0.0,3.0,29.0,1.0,3.0,1.0,7.0,4.0,7.0,8.0,4.0,9.0,16.0,3.0,10.0,10.0,14.0,1.0,0.0,-1
21.76566982653201,1.5915856944407578,17.460406541786796,14.195462798181067,12.261892669648152,18.06794725840899,4.927283112844117,18.655179822978848,13.335303588709746,25.398268426994047,6.16145417538715,12.637661296970611,12.432909103103606,11.567013245793936,13.469633603256513,15.855233885740828,18.671847110706224,18.57141814872952,2.8344369356800554,9.13912920637187,-1
21.9721809985689,1.6478570076256294,12.638228830624236,10.808984172521221,10.127184223154776,20.602741056863362,7.406778051426593,13.660751771522513,25.515414294672183,18.974515863074647,4.806601290237952,15.688188353193421,10.783398528935106,10.956894818831609,16.941633968468107,17.8880904496236,19.007433495595293,19.530839818466816,4.86334591257558,17.179925083149627,-1
8.0,0.0,0.0,4.0,4.0,9.0,2.0,7.0,0.0,5.0,4.0,4.0,11.0,10.0,4.0,0.0,6.0,3.0,0.0,3.0,-1
86.25520564470423,3.4041551837305986,56.33855998571011,31.669030686391018,37.25396396560652,128.9846881793423,26.360295890789395,57.32802131960543,36.26687628765258,64.01970848372403,16.783190323324515,80.3485807582584,35.037414289773636,35.0637186447136,43.0601218495234,79.39739876183306,92.05102874173546,64.05492527722785,16.205571165296405,36.11882601532824,-1
10.929235154513481,0.0,8.286617339485257,6.348693919303798,5.815276927217049,8.506803813809812,1.7356644546028959,8.381594937332846,8.8824780439556,17.425426642368535,2.0682874050981033,5.88622270804266,5.683790839571964,4.188793255835958,4.56170157113094,4.816322556200984,7.124674458461888,6.659348179146246,3.027902964607049,6.672458282817648,-1
46.64634029940163,5.112836490295885,74.58601171769936,71.02788373431443,56.34020511053667,58.26990135329082,15.129146476483003,64.93421608494059,58.45955232098088,66.06148205372449,22.515657818758868,66.68055011216164,42.543389530004454,31.247600018826642,56.77391569628641,71.87991041996429,65.56141605038928,74.44967391251518,18.94513102344071,64.83460129461868,-1
21.482408515312475,1.5193426313927472,14.208395447000687,13.772427864083342,6.1230990029888375,19.325383025355027,2.509818300387971,17.624951626403902,17.06836464374504,16.390160123839717,2.695041475141947,13.359416042033244,9.446128077331911,7.889601914364415,6.267022274931768,23.47451289247582,27.88824014990194,27.39112207934577,2.334916376337513,7.230514218046954,-1
16.99883132328486,1.0857446094496173,10.943155764551147,8.910476365216423,6.355572481966607,14.881414692894726,1.3246018986425754,8.30758121771552,8.191124471816625,11.13671405368098,3.694662436684401,6.24719388150002,7.556313578849887,5.291110677903444,5.158531568900788,12.930708780752108,16.152054784358125,12.033495628094053,2.4377750808695255,4.363162914792332,-1
60.187594001453114,6.895955514025626,45.71770927217731,38.195504556069636,32.89853845832813,46.2211458905932,15.045952268636336,28.70715318997197,37.092703106341254,54.13017736055517,23.11217719331651,23.790911318725755,35.6985886590352,19.608413813407914,44.997104457839974,43.16319097754624,32.75013802966063,40.25198292004571,11.933267787929909,24.58014488096462,-1
136.36706939317875,0.1122302359162946,48.611030254302605,59.54450099992147,21.842773249688406,71.46173242764252,5.753435801030139,44.50103469623691,60.9441024514027,81.91343718356156,24.505705614325617,40.809610925575214,14.713823888666239,70.17907370494335,46.8388455051261,63.60371861548802,52.705509876606534,45.702014240644296,6.371400925367128,20.52288574104616,-1
68.50277254506928,3.8626326444105787,42.2580611343763,34.809943541302054,23.969927385336117,56.05239345217832,5.332851520873106,39.59064274867055,29.200491510224726,51.31218503672495,10.055540470295288,34.205352067947246,26.005118145571203,22.099330717650503,27.484296450678563,46.56750022394932,51.528330807603076,54.60097953938519,7.50767922224859,24.056704292825525,-1
5.929150402555683,4.652929893544458,1.5968262721333208,4.736133252155935,1.5091600915055141,7.018069529132397,0.5856892988583475,1.5646043121001731,2.260429733117258,5.497272554485042,1.9030350235336766,2.1583647720937735,0.3384465697631147,2.7638272462793694,1.6507885327687042,5.347704293636949,1.6901564304765135,1.9437681120801829,0.6644628554514643,2.1891999129361484,-1
73.29312228976193,2.229964735989616,44.00235613637128,48.54074837034326,21.20562102328962,52.3633505683784,8.389429296655367,36.78643796463712,37.74330351122894,51.388391162558925,15.350443142902428,28.47735358455054,29.96505550524259,25.064481929054164,34.84485962446912,41.78999149025452,47.75885501561561,46.95527883634459,6.470723166355154,14.380236671348218,-1
33.27409310426303,1.324908388063587,21.805262035290507,19.532709175706067,13.047805766896039,26.971098702053872,3.5758203447055217,20.959486487318152,17.755291676312165,28.308475960523648,8.216199687631558,16.799439476039478,13.027450731881226,12.643957410030465,14.717634475476146,20.06098520180982,24.463225934687085,25.91309263261168,4.0084821541838656,9.596655123193829,-1
5.311774449019401,0.32812762159558195,4.284298728134969,4.078491184635425,1.3858685201107004,4.293846066248811,1.1210041753519284,4.2495924041834545,4.169314123815059,5.73765188078925,0.9979749249439022,3.25605201315996,3.986612152387552,2.9025797381977867,3.3260081464450164,4.5374009597747955,4.348715966906309,4.874226996314491,1.3476247068372564,2.4629246706682086,-1
21.59802899213632,0.0,13.20226035014361,11.19001223996325,14.030050752382792,15.292053228573742,2.199294131129244,9.1656113263138,24.31207075331955,12.519819607331936,3.3985763575333063,12.239908646246906,3.819108005301197,3.981343421855987,7.8952570959129895,8.826486203037556,8.760201305770527,9.99527319824568,5.1725637650531775,5.398576357533306,-1
148.58344639352973,4.770261613095138,126.8761245091791,100.49461461982018,62.9783461344301,124.00350254857662,17.054343186151858,113.88723785571887,125.18483748556984,118.07855320858373,29.565324367194084,128.19348026702338,51.79604463635746,75.06983957433714,59.70656627568702,147.0667794334122,174.9031336636786,117.61759373846421,25.932533230765426,73.25163041943394,-1
22.84589256087669,2.065631537142049,18.134162570943115,12.97798874587765,9.4527179612043,24.911233360080477,3.051394618568954,22.21716452568975,14.630416437507805,17.235969789973307,6.018164777817949,19.5024386826397,9.221017574118946,9.799889442256903,9.977468567321099,23.004165559799898,26.022720041245055,23.231590757056935,2.9964080035109766,10.705332205544613,-1
11.836306222687629,0.7795236002924303,18.56697268586067,17.89413932473913,13.238277588363763,12.924396731542487,3.6529073055013512,21.265519976168623,14.414743997044914,17.872213700316458,8.310457738554026,15.947056171710681,18.36436944649354,12.894174049247143,14.835781365625909,15.106860368224941,20.504760044365053,18.525202961455776,2.694176446825363,12.373171505281897,-1
28.953776638567064,2.0602891198538966,22.933177483964066,18.51326517109595,25.723131860424193,32.28556301994244,9.230309793899558,18.79375126714442,19.62215396889558,43.55931133290177,7.107242449138652,21.03332939085726,22.364031872694397,14.0548713483539,38.06288128872433,37.89777537394209,27.96088789631992,33.70236769521709,8.370124127004441,17.77007200241671,-1
16.88018624323708,1.395483421971925,13.240112774627747,17.038868812124953,6.52686683029986,19.34137177737473,4.112061093572725,12.794484455320676,12.381874877852619,17.970980009648326,6.092418141580806,11.191927865361674,8.079352360064867,6.54589878712007,10.376739539516494,13.332663596165641,9.678567025618923,15.687464164985792,3.344275364357941,5.990495259928283,-1
21.084667449828235,3.677554052656706,20.548780528091566,14.07862426934218,11.26738662080575,33.26316410667431,9.09785641125682,16.256611475806313,19.459784625464735,17.969767219376216,6.953809526561313,20.436438924471357,10.390433635788304,11.738719916536267,13.728070124574085,18.531245578796224,19.284146800963594,18.12926452593417,11.44590242050273,20.661899152584475,-1
38.7946533129888,6.052079774407069,40.490646143616615,28.226216206849887,21.156890973310208,59.98587320247866,8.781343586597878,40.71734090945151,25.197440107571964,41.055803180309105,9.735258321619193,41.752819136177166,26.608450790997676,19.236995298693866,21.924863306306225,45.823608432236405,51.78690360072555,40.414574790160444,10.543698481283215,23.719430350575653,-1
18.236007275496238,2.642542853500983,23.844096353298745,25.979845311014145,20.371142938436524,21.905118897150412,6.544427214321714,28.7956004749756,21.34171417978265,26.387074974275084,12.996954276170984,29.39134130328183,13.151152147364428,17.520405909986188,15.779988863079412,26.988614710866504,28.99163375292544,24.63407459096887,3.8876086340691547,21.604445962466116,-1
43.23057378887229,1.1096795492845732,24.48927266930602,28.31944308002996,12.975934877785694,28.777346325314024,4.182099825143899,22.827171105452152,24.613698115163,33.927292675801006,9.010192647736739,15.01261778514166,13.488877920804732,16.32339688917008,17.514809927929523,23.2678500903081,26.123294706887226,27.36041840669405,3.424407838377525,9.021834027514393,-1
12.244448723782265,0.0,2.5028343880996156,4.586621914252931,2.9345578892927726,10.893098145284347,0.5039210562252199,2.847405255334492,6.0288157966668745,9.471534383089285,4.137786486801465,5.804008880646242,6.758969621638746,9.511365355561388,1.916372284953592,4.111690394865504,6.027836050862371,10.86469079717552,1.5097988414990953,1.347562340030382,-1
14.786667387471535,0.3267689239960282,6.550648428667103,11.6722789628254,2.9486940016948373,5.351131224282732,1.8816735711224575,9.971219991886606,15.556361322231787,12.088220043131495,4.070101123109759,5.6984010420652575,2.6343081383923774,5.210031912093809,13.997237321386505,9.941168033578203,9.198307788225955,7.9215985128196085,0.0,1.1993033417364478,-1
16.26287092395145,2.3936968394678844,12.520762232012379,13.439995101000301,9.523688319258088,15.273292838878854,4.677981194248918,14.298219509165051,12.48031527104166,23.107347825935488,5.280210294731818,8.334023442929137,9.258696799548156,8.143459522792387,13.793222430291287,13.602576101416346,12.954980301927552,13.908793081330112,2.223229422494692,6.522882834091143,-1
18.37438508021867,3.8449306703688864,23.164872314263125,18.857004186221353,14.507765421662015,21.996974365347814,2.5387070451739144,22.72561073132481,15.562113050896455,18.405757731581485,8.626348928445285,19.759090273205207,21.807441512801756,9.358529844163607,15.642906055113086,24.78408383675929,24.527541440548394,24.45096539793247,6.016829325572604,19.050452337330476,-1
30.487294257502942,1.4136272182950989,23.64072561931835,21.376236735874407,14.358357359391178,26.19237858597986,3.9077250433918955,20.305433867951383,18.572573862002937,28.695955565334042,9.723346346519572,16.37768548639367,18.168353868848698,13.430430504168367,18.88631292025553,19.038247962330104,24.64213396349773,25.946582134266418,4.084922082613265,11.754253879488003,-1
8.225826949747384,0.3779574983070702,10.796923050690241,10.464170231688282,6.446201968795015,10.485785724640667,3.1034324751034768,11.333898754461842,15.543571480094577,15.261123279170258,3.179818627764043,8.489580143489837,6.166714538749499,7.087090777886728,4.188520646856017,11.586709452852265,10.023014635181024,11.572060433338061,0.7425580068374139,7.924747188208205,-1
23.872848287933376,1.0,22.712552047541333,17.705222831615416,7.537078226454852,27.636577565444604,2.2718458502082384,15.191955790125869,22.266050813541714,17.22994573689529,6.379972067456065,14.290637889382785,13.944084849231833,13.217210603248509,5.6537698030932,17.367764937928452,30.718857068950665,28.73555345502779,4.703423188924131,8.568546004691784,-1
9.0,2.0,7.0,7.0,1.0,6.0,1.0,4.0,7.0,15.0,0.0,4.0,3.0,6.0,9.0,12.0,13.0,17.0,1.0,3.0,-1
7.5,0.0,0.5,0.5,4.0,10.0,0.0,7.5,1.5,4.0,2.5,4.5,1.5,1.0,1.0,7.0,7.5,6.5,0.0,1.0,-1
11.140918549708871,1.2191387394932183,7.326289788621351,9.147469762383711,4.600440266704447,11.553136444599627,1.7208897689275173,9.718423239804887,7.631184061723887,9.380296765066376,3.699226085242061,6.8730854933127175,4.201023709288912,4.79840966612951,7.115198125390808,10.972657310600816,9.758568349930899,12.267620931590658,1.2976177298523979,5.578366081364485,-1
7.0,0.0,5.5,11.0,3.5,6.0,1.0,5.0,6.0,8.5,3.0,5.0,6.0,2.0,8.0,5.5,12.5,10.5,0.0,6.0,-1
27.167333792103552,0.39192372380078594,38.472706672253636,32.217871103239496,5.934796668378038,40.405941540751435,4.066955921415884,40.481649797915836,24.142736691568736,41.34129799714923,5.638128931011728,37.72917580435141,16.955595189919755,24.431528806824307,19.473006934770986,34.87841305207029,41.69340076130451,38.36454480895593,4.111774713009525,9.100602747326635,-1
43.84623485526167,0.9344465410222316,22.0531623003216,11.051682755205169,6.504671122886851,26.04353091394513,1.1873921289325973,17.212602981970868,15.873291938588649,25.45817273808359,3.9941068794018006,15.84133820784582,7.626769152056603,6.457202066151132,8.742454623265797,16.480747372411983,25.208321499446264,22.019147482092826,0.48997235623514934,2.9766935141660977,-1
28.46548291712057,0.2750360063093606,16.86011302395692,12.826129896677086,3.665054042132931,15.614868869176155,3.854372878194551,13.363175677948544,8.812628374065607,18.895847550870375,3.0337118357680612,12.867144423786325,5.131644927800086,13.542853874290014,10.903128798802415,17.831330718534176,21.8576386311649,18.25663911041123,0.9411174476475261,6.001467963280974,-1
27.87747503297596,2.1040768988803102,18.847233396607454,15.596078543558773,17.99003716602447,27.724280131048385,6.783472707528214,18.071505167805604,21.30415085723275,35.21346708347919,7.09476770409294,19.62597835692086,17.55990339447302,11.82475846644319,30.794492897039063,34.2852597656045,26.450075387915962,29.413226050163892,9.412127465496747,15.028546498082623,-1
49.98634533307696,1.8375191669363946,28.28127042003256,17.833438740224775,14.833740844906231,35.59189732484085,5.457297342988327,24.524977755109763,19.832208351327747,32.708309376780754,9.413613240318444,22.21708010428107,17.043308074888994,16.285320827091574,16.871247153135847,25.846639393804317,38.56346528901868,36.99271857293073,3.527258059514967,12.352059711517384,-1
84.00454782126907,0.0,53.308729238718996,52.742409041076584,21.82119327930332,48.76099879360154,4.7386566217801995,32.454725312566865,52.31182245354731,55.8368954907062,23.99869217078926,40.151568622268414,22.165302316101222,60.05533148359101,45.436907070440306,42.85344910665218,42.21037344271907,35.34623621764739,6.998304079656704,21.80337533428419,-1
15.240333089360556,1.014826471110263,14.839967623274985,18.86515215689811,5.092587373401435,10.783887659896749,1.2494342610592162,10.716785141891535,22.804503252896772,16.259822128050516,2.608681754709112,10.552546149573104,4.494747754562993,9.36612545414674,5.035851087904158,8.736018789797903,10.767855424277863,7.585736409576124,0.6470646070563058,3.338935281931544,-1
75.85056403405981,7.067079135427953,38.06486625456964,24.311019265296316,22.79422036458593,62.445643405806564,5.550396702131161,29.895363171089045,26.41262794145381,58.75759441041165,17.515284824333644,24.44645867770177,31.99743771690091,27.786163649144555,26.412860876280995,41.89373262729869,44.860367760705095,49.16554319141834,13.134857075337475,19.58352863389755,-1
30.25091912811221,1.2500743475146823,19.76074470517116,15.29072722148562,11.813925795987737,19.875267208116583,3.5627280803285317,17.609313545846646,16.16476451802453,22.846708330627244,6.690853088632102,12.977292711494867,10.91028233112281,11.027610732199754,12.740545071446856,16.013459024448974,21.09621973772547,23.771048061840204,2.9322924270550836,9.4175137882579,-1
15.61877752641248,0.6149052118682474,14.27144406455091,9.360092701746165,9.176810375995943,18.945625746263552,3.278495352084937,16.82631454610175,9.805665470498326,12.654251330183893,2.8592137987698765,11.801320646736261,9.450314001135656,10.267633939164616,7.536464486727717,18.386798869588233,19.647325546404176,18.463647676963678,1.8482379692680562,8.187570723215105,-1
16.429799251144107,3.2420656948092716,18.074475033679583,22.57802156685576,14.317705591160681,17.35681062945588,3.382581584442099,21.234793763158926,19.037372570959725,26.60034069603026,8.82424886994061,27.730874425708333,8.626467746718058,14.736788482416303,14.610469771880084,18.54830383276734,17.874337093081497,18.305719449847746,2.53492450929179,14.95542392435039,-1
26.431971179156033,0.0,2.3712706559845227,3.7443066635298887,10.316619231306166,16.926021017575696,0.0,18.801421980555567,9.86153147178382,16.071940012268218,1.9253338514824665,1.5902872210003156,4.8131481033346555,3.870277768128178,0.5,15.896736754142369,9.320836105949832,12.41867195907979,10.80297073526961,2.3416284941674053,-1
15.314136111197465,1.0767001927953792,11.743204414637118,8.204354924011398,5.8590152824436394,15.383825124892788,2.1490134871012305,9.972692122071516,7.656736636353565,13.305424134923367,4.613120395023523,9.66189677440113,6.980868513731514,6.60263922717629,5.850938882005843,12.175996789626105,16.17194313906535,13.127214739180562,2.8945565648511105,4.256764595046738,-1
42.57136573307541,2.296215933541637,27.879939607004115,23.313827572817864,15.270791735804657,36.967911811493195,3.961466487978044,27.747864772461952,21.039650375472043,32.35262832598485,12.38541547034983,21.138992829968927,15.694220041381294,14.811650851340781,15.14087715815181,30.670920460301623,33.20528818795426,30.132912948906668,3.2945413131026315,17.125744682342013,-1
43.421256838338266,2.776359581715686,38.322506139996115,42.22913033616801,16.49866389900077,34.25805308464268,7.3133393314563255,31.332000486187525,29.178593570936876,42.30524660565423,12.597573277852279,24.708084213510748,21.490853120453593,19.803589561415862,25.458392242730746,28.229874921529138,26.674839944235686,31.501314925645374,6.694227430270492,18.203628947092955,-1
69.4491553488879,2.2697993136014025,34.222819181362894,23.334090752588107,19.549499119763723,51.77904739276224,8.521521064113958,28.709854110795025,21.011876743679196,31.703104834878708,7.014017898487929,41.274015741924885,14.419343181097172,27.547824506598065,25.173850175618874,45.452994641696726,39.8190900200873,34.48511908627204,12.34317899734098,14.919659752248142,-1
38.25565486114875,1.3227796148056103,24.07998487308121,20.922773957822038,13.057978618547402,28.84141315702636,3.6313447790180136,20.77418714846482,19.26294650077956,29.03999694727596,8.187962103057417,17.079204015366376,15.743802802265824,13.257926608231076,15.284502759860741,20.96796689742247,27.948693055054648,25.652476889838304,3.7115868828601912,9.978430238069299,-1
13.912323915425805,0.17506954011090062,22.01182680115054,23.81165425439389,15.636262745558353,11.749355170501682,1.129188235676782,15.10240112673365,31.76672166698657,16.299497803456227,8.412104104595915,17.066413412379955,5.719595834835806,10.843727504376183,18.17963959227792,18.030006582758055,11.126322098098935,13.002262648083146,1.5005326985992213,10.516542369041085,-1
15.447656705367445,0.5596987594525646,6.177416626220813,5.228109966627827,3.307378474730224,9.936082268162417,1.6142673557321658,6.819765460410689,5.563650869637841,9.26153183926817,2.753367730403489,3.806498293593836,6.3023060402332005,3.5397187375891828,4.10476754549137,6.911546080766605,9.813469311481379,10.047802703205647,0.7574359906719992,3.0469267279296495,-1
18.52011329842027,2.6159337738878827,20.518145033257138,17.934479926895357,11.735825502220491,27.19359422231709,5.040292597088108,19.691954090949817,13.032074431866487,26.861063100428066,10.597443585793911,17.74529293097867,11.86891625135379,15.395803323588838,14.67379133346986,16.803345121660104,16.800809728114874,19.24165005432649,4.94456099977549,17.786237054493036,-1
62.18701344162844,5.629154455457221,51.768126285848034,37.479653767107365,35.13655192620681,67.54100289081175,11.919780662439118,41.4230695046748,28.64436225074897,57.586427611419296,14.231349082602533,35.65833340996475,36.006296281909016,31.20079924355684,42.79806280379571,60.91924051576955,64.44438410485697,64.19703249341092,13.30104668448184,31.93568668039692,-1
50.49282966292595,2.972127602463517,35.11338098610885,38.59299470630773,19.02040021022578,35.79542280589873,6.9708669850081755,31.010450946081768,27.96748455049208,45.31295439232356,16.999590432967317,22.466298549696766,26.815222401657127,31.271117854006423,30.823045620742835,29.316744224122488,26.469186489316993,34.771193012478285,7.573708533893938,16.24798561431293,-1
11.440124159761538,1.301770349773458,10.290566788247848,12.185543813785653,8.339255888253724,12.753094980064196,2.467436868178378,10.619714908606829,8.157080070589794,14.601958056642612,5.020525426177362,9.142510342009338,7.464304311190851,6.795530668668941,7.6537248936761415,12.432857055097221,12.085978146155707,14.144517210382375,3.2579066635387552,5.846575607266104,-1
20.0,0.0,7.0,10.0,3.0,11.5,1.0,10.5,6.0,19.5,4.5,5.0,7.5,6.0,7.0,10.0,4.5,10.0,0.0,6.0,-1
44.879277326535735,4.821260084560832,37.40740502021938,33.807756627516795,18.152361631976085,58.14614646334551,12.79528152549985,32.13192111031971,29.29700034986642,40.89510588440672,11.815174572697787,32.30320169769526,24.394887764206796,24.696435259256052,29.475814935885364,37.45315997562334,37.44274189255601,42.28795318656869,7.713322505670104,15.090709059727352,-1
20.0,0.0,7.0,17.0,11.0,20.0,1.0,15.0,36.0,15.0,4.0,11.0,12.0,15.0,18.0,9.0,14.0,20.0,1.0,13.0,-1
20.882839125368825,2.2258073238582643,15.332946070499812,12.87173318353169,10.688095990389614,22.20537481773347,6.602006916108909,14.465252868933955,27.46060522024652,21.487247582474527,5.534269207939079,15.465938061056075,12.38022993134721,9.60362507384643,14.310509194333006,17.684822257695025,15.245373657083558,17.1029088616251,9.94986795590585,17.502498872709722,-1
15.810063142057794,2.5167272337063813,13.678795842837657,17.96513255516823,12.278494798216382,15.669824220878404,4.0865506517545604,15.754437712676625,20.122323169925266,22.244981608070407,5.592866030087737,12.57468895137245,9.098082506599031,9.384770717999528,11.712223324211475,18.68796627587884,14.58697382225456,15.333083898230228,2.7494290765626137,11.153958941858674,-1
63.274888866892695,2.036662332205702,29.403129927663773,19.581305583813712,14.001988987520232,50.594030438508064,8.530220912125497,26.212398705679895,21.088500693947122,36.9894127590439,7.636053781359133,31.81129622495753,24.684080943507876,20.19424203002815,22.784596498787298,39.257301530706606,54.26427288362945,35.29133077929782,4.997045454571155,14.366534518012946,-1
45.791898000117236,9.178936686654453,38.98829026320045,24.571363611654736,21.62038268224715,60.37585591926719,11.346472533871571,47.02476449766218,25.756442637972718,39.9003234789643,10.334094991772277,46.868349665471754,24.46748084068437,18.873163146731194,26.645096034681497,50.16863300323056,40.986251498697506,49.7907141743451,7.867616882536055,22.44381610072476,-1
53.33506651852502,3.5241947754247605,52.97271661118147,40.40784987458884,29.82925826411996,55.770912155238285,6.791816939676018,40.14879130166731,22.212125265692475,57.76364944173585,9.312555991225755,51.44692704715666,31.463520222782286,21.31421640423538,13.467579612533143,59.32382856965157,79.05441089792302,66.00250525178754,8.134385154466361,35.722379960095566,-1
13.699365375466412,0.8925398053411393,6.34797594964234,4.826888264046947,4.167253600901806,8.127482177461436,0.08626983458728932,6.300720974676421,6.0533050880088135,8.889142563053241,3.236526224730467,7.717641174674007,7.018134163932034,5.162624111994114,6.69307625821512,9.994360208931928,11.667448884505038,15.547856659280603,0.685992399697291,2.884203274697598,-1
12.685511799975064,1.0217914209482595,10.303565437760138,12.363470316071153,6.5490652574215416,16.607851198250163,2.24102229857524,11.567391035631184,10.579021711715988,14.96185621014643,5.94342260669661,7.541248786824154,5.939750392615054,4.9838332370558325,8.686804035482778,8.342292202022808,10.425911646290198,13.268067241162523,1.4636134831637224,5.5238531307621885,-1
155.34635117170356,1.6385216741562314,84.7446989888181,77.27478453614904,48.76013163593016,120.82262090485833,19.883572144081153,58.97603652504044,68.73666082461386,107.18680986150335,43.044415072094196,55.06246332468577,51.642255459412446,58.46450180868254,84.51798630143281,80.67584619904125,72.15116728777198,75.1369040353258,17.71132779337718,36.23330442096278,-1
3.0,0.0,2.0,2.0,3.0,2.0,0.0,9.0,1.0,5.0,3.0,0.0,2.0,3.0,2.0,3.0,2.0,2.0,3.0,0.0,-1
11.95419521062353,1.334724104630945,10.373108824024344,10.768351243885057,9.4992549774572,13.400344931949583,2.4847765702065754,9.795485883474106,8.803397267105838,13.932941383104964,4.442876929501807,9.718733908063369,7.351080606987056,6.852271130214802,9.301510381396206,13.022026606289835,12.501637900768765,12.507783500029396,3.18899124566643,5.768537251939722,-1
15.868036881926548,1.5109794075727296,5.9335216629923835,8.863506498367142,8.04871495443102,11.53625559719116,3.6912084756429073,6.953190431281399,10.626578140949416,13.147979000004051,3.946518251488184,5.871595453070126,5.047280340479829,5.862644693220045,11.082828052091916,7.793384243711996,4.528302380163222,7.084722572447108,3.0796585047217566,8.522374805124732,-1
55.069139024391674,3.168575564019644,47.28225365857423,38.58091436055647,23.702733365367145,51.56552521397762,6.170822190742595,46.179780916744136,24.265506981506686,53.19354584569078,8.704518790240515,32.68568482766629,31.960659072469767,24.945630142662925,33.48214601889974,45.35336640433403,50.30919814609984,53.353637913846526,5.588783599967327,24.435719141655238,-1
29.065974431189556,4.083281768059499,28.95709629159923,18.194151710805592,25.709741910340032,28.864761427687046,9.826206504650326,23.136273740569095,14.73828443419276,34.82627983897866,11.189542806014037,22.255609920914956,23.35244832030023,17.656101136377796,23.974102945204944,32.142114593622736,28.030713221267554,26.202702645117668,7.375687433058604,21.419798801223617,-1
8.260692256403347,1.8957623532093613,13.019233185556265,11.276336181556536,9.492093327187003,9.440651758323055,4.365353463634469,16.00832227743934,16.498962308360326,20.87041187286135,5.650429991732991,9.348857222853198,9.250013197651645,4.343051979637514,4.118957050436023,7.5458895596289866,8.722270006725195,10.9588765430201,1.0,4.934579311018109,-1
13.017466541587465,6.00069186829551,3.000276747318204,2.5086640839641827,11.475944979334882,7.492166157990431,2.0002767473182046,6.934146669764095,1.4918894106722265,21.017604915246565,3.0169130469510588,1.4752531110393725,3.0169130469510588,1.5085257103050804,8.00069186829551,9.525992251892545,4.492166157990431,7.52557713091524,4.542075056888994,1.9670041480524967,-1
7.0,0.0,1.0,1.0,1.5,3.5,0.0,1.5,5.5,2.0,1.5,1.0,2.0,1.0,2.5,2.5,0.0,3.0,1.0,2.5,-1
9.0,0.0,2.5,1.5,0.5,2.5,0.5,1.5,3.0,14.0,0.5,2.0,3.5,3.0,6.0,6.5,5.5,8.0,0.0,2.0,-1
23.553486825870646,3.9783864120222137,16.243856169716658,16.0016563534737,15.402395967146488,21.515084096229383,6.4101799016240335,19.525865017951276,14.755394081538656,31.627700979348766,7.100720638756086,16.707725083225615,13.312131040942484,10.720782012140955,19.126802988385368,24.469179844032663,20.87411506263125,21.918616888988275,4.907938754439816,10.849107144278697,-1
19.771862949641275,2.4809086914780774,7.223576299483511,4.456703910157231,8.634713704146664,11.139081598273311,3.495037081193684,11.059504835174831,6.271322052458878,9.89782577657263,3.7827336638880737,9.993086885465123,10.969150292004029,6.859656194604313,5.494740717798049,21.39813394422524,17.548127560031546,20.958026127448424,0.8782999705294436,4.689052096021485,-1
3.560658552996025,0.0,0.25207745908793017,0.6156286934175641,0.17812496964442415,0.7816707758086112,0.5482857942939471,4.4125624251356435,2.3363521247393084,5.4103314987459346,1.600821549351447,2.9368389953873613,0.5840447803219266,0.40620067338784005,0.7700680174336962,1.7659726051779798,3.121616456204532,4.71912271699485,0.0,0.0,-1
21.0,0.0,26.0,27.0,16.0,29.0,5.0,20.0,17.0,21.0,6.0,14.0,10.0,11.0,16.0,22.0,24.0,29.0,4.0,17.0,-1
49.9175965512324,8.310467819136008,46.12101559487796,29.59737037274647,26.43028385021363,68.79515390779906,12.2127472218156,50.30086931548938,25.2850711068236,44.913717401835655,10.109133940808533,58.947415320885185,23.648474671036784,21.562324574600915,29.28211671979578,54.795314995924116,47.16782239711882,48.57320334366397,9.741398798519288,26.292042413981104,-1
34.51232915754598,0.0,6.836799539401155,5.699384361288138,12.019926587997613,26.374957852514388,3.3888824880678428,8.007676382438701,12.234972562104513,18.638375238581997,7.089806325108713,23.309132727883906,7.694791646981839,15.1868312550252,15.23733685268234,28.931993062904453,6.769451723480095,18.915257791875014,2.933900462406569,9.224836616701193,-1
53.0,7.5,36.0,25.5,29.5,56.0,3.5,45.0,13.0,35.5,10.5,34.0,55.5,16.5,21.5,37.5,34.5,37.0,6.5,33.0,-1
18.963785818065077,2.153913749216613,12.810779792825501,11.511135988932406,7.231621396935457,9.623478093079402,2.4859949024852694,10.652302398036998,7.2337849772717915,19.120792209680737,6.215695263462325,9.607174119496634,7.760199505771114,7.995345704208916,13.737248421065889,12.72451929389004,12.469769778486397,12.337305959080753,2.9129827004786697,8.452552162599549,-1
7.4269819276007345,1.231381205443514,16.049055275344024,14.464271997068117,11.001220205980347,14.49695629885775,5.376600528184637,20.822006402220804,28.261593474204894,19.414032019005553,3.984677258662066,19.959755269773122,5.7378080824071365,9.65872889739945,6.499628961817099,17.609885323303917,17.981480927325908,14.845943825132972,1.1793870160438369,15.00018247292073,-1
31.777156803931103,3.528725431254784,22.03100049114135,28.840201656298028,9.455145618424744,21.61076535368897,7.129107186915223,21.074123861479165,26.350200630629747,29.521698821130776,8.754941549438842,17.304109903711453,10.944735985121198,20.57182742175867,30.341931368291487,21.426840663561492,20.911077827746595,19.333981037262724,5.457710794794257,14.637804351005924,-1
28.24046708787692,3.1034053980274985,13.127501366297835,12.0937576265798,8.771365073819627,25.086721156570025,5.984309124833908,14.475781074986312,13.479682167373058,19.785567323518098,5.849053037643671,11.840457808734651,12.495282695659236,10.442345209750336,14.390171533484223,17.582179539832808,12.788896639691718,17.43939766268901,5.225422832545756,12.799712311863018,-1
49.66039013411693,8.630387224358671,42.416018367407325,23.459081057304257,23.903525398967126,76.14701087433745,11.327011961272618,44.3088564984143,25.145586638577196,46.01700764695329,10.92695693929659,46.55403693803917,27.121484426101393,20.056961169810645,24.12129947174691,55.928001163848904,46.01486712098185,49.368851348566956,9.245136499591665,26.647635589029157,-1
45.18390777092193,0.0,21.099553040682217,13.998361199993285,7.343719490441752,35.52250689330431,5.216875874042367,17.437787248877413,20.412164469647347,19.57659489260823,9.61876674824124,18.43149169504454,6.083416067222713,26.9231167992063,14.57009630748649,28.67514760477084,23.0927709850661,15.74235363950835,2.2675765731140856,5.800260454046406,-1
49.96459427560855,3.058148375925907,36.54997413902853,38.36242351541878,18.23321377601755,39.687538465820886,7.825923093927394,28.14234101369851,26.819834871674725,44.8992366370195,13.968041825096932,23.230713576610196,27.02765021739158,22.9107693790471,36.440264723678496,31.74019847825243,28.10823353582285,31.69164799376487,8.775349689624612,15.56710318826571,-1
46.0,2.0,20.0,13.0,16.0,23.0,4.0,17.0,11.0,32.0,6.0,30.0,19.0,29.0,15.0,18.0,35.0,33.0,3.0,23.0,-1
31.148187494442606,2.7032411433212933,20.850486404019502,17.906721859328282,12.892156802871375,39.49173055963792,8.319498132238772,19.360735713758753,20.63727479395441,24.625935407200863,7.321989833533761,21.21626166114192,14.669252912686185,15.197433014091821,14.871709760285786,25.804337609953443,21.134627720405017,21.265991092074287,9.632159273779079,15.953703750985953,-1
34.897343367537076,0.7357964437839928,8.268166559075745,9.678202647419273,2.990473904407852,17.759344170871223,0.6329077996716777,8.34952396127188,9.485999394853106,12.358515373516566,6.561865856043531,11.5809686722863,3.803824425026183,18.338994437788756,9.524179743960909,16.31567421217069,9.84203653496894,8.583937724226118,1.047058485952959,5.2439262802177256,-1
12.914607552105581,0.09219556997211428,10.393623988208518,10.006220344706373,7.4243772886200805,9.882410862878682,2.3322904084043774,8.43665335013163,11.628125463512037,11.448659886791312,3.2911153101388524,7.050839962613551,5.394302794485,4.909409085938389,3.709210768164187,5.800005633155738,10.200345797156892,14.179913583199452,0.18902274918120304,7.714925126922046,-1
21.443258170640235,0.48096372733238735,9.443124720224572,9.557375718834164,3.923921634537381,8.000133450415664,4.519169723083277,8.00016681301958,5.000133450415664,20.633620897316362,4.519102997875445,4.6334874469007,12.48109717774805,3.481030452540219,4.480997089936303,13.481197265559796,9.885949177013902,11.038372808770466,2.5190696352715287,3.480997089936303,-1
15.40960566042297,1.0195809329822791,14.175709409848702,14.323003952181322,5.597100932484202,9.271903327431044,2.3917434442101273,10.005156299344074,10.607902368661753,14.375050796803748,3.7838948432950694,7.320652995526302,9.820242080593015,8.27225269000264,8.331449583715706,9.098567948597175,10.22395539057379,10.399580603692543,5.5680307792248165,7.007035623289717,1
14.259307241283071,0.23249585786663712,8.142600749934449,9.853442004390768,5.023004036877159,12.213113255162092,3.15820404412234,9.013221365410379,11.821250428324042,12.097170409582619,5.138115140237998,5.973209502477385,7.2252352129462,6.824555272214406,12.559792796764766,9.280067281739766,8.37270281079622,8.93232210593107,1.8954257135086816,3.984898306752621,1
10.623552741532905,0.5082419023493191,8.799797339486005,4.08698994922307,10.697307778166726,7.768636781540851,0.6682199953786977,12.52565221026512,4.528857168367292,18.619777182542983,5.300446385224981,4.269542956199776,5.669178268816079,7.103181667840927,6.171335685177491,8.863565131743815,4.847544398844054,10.49109196393919,4.760167748748929,4.698277160776838,1
10.558039111493587,0.44908024748825226,1.6396861251559955,4.116827342623634,3.213631836921553,11.149734438594544,0.9109135688213954,7.615884781606663,3.809057961007647,14.871755740805671,2.773116633354896,1.7885689291767541,3.0063082231765486,3.53087041152318,4.163895059703933,5.455275689488268,4.345027132470559,7.125566137706844,1.3120431850396899,1.1660274673247666,1
92.77757944106662,0.2362854428316879,27.925766046038326,27.89522257675715,21.031804560265613,94.37222493014006,2.851901555098783,33.288299688888024,44.455923812864235,61.099804999416364,21.936996553970694,28.571279682879258,23.006468122730745,26.830205507532526,29.280277531751928,49.57239266609347,42.046362814310086,46.093282919217806,6.680607645711772,10.050298601120195,1
12.462403400474084,1.2330136103878324,10.220671904335472,12.182823325769679,7.122569927659987,6.835549774908977,2.2344545425435496,6.126012321662845,7.707044719279039,9.533683857695138,4.492605544842626,7.620470311388494,15.037164298733963,9.255559789362545,6.243811342229682,8.950946981811798,11.33661531410233,7.554524585659995,0.48295545509709736,4.36940258008865,1
7.28267131699354,1.3587373836516758,3.3497571508262505,8.683858790354396,0.0,7.966633283911987,2.683847420288796,8.957269075994326,7.000005685032799,7.000129029198493,2.6413973305796166,3.9572747610271257,0.0,1.0000056850327999,2.674743843297678,5.999968426564447,7.760065256276622,8.683853105321596,0.0,0.0,1
11.35197779405656,1.1682985857834671,1.751320521517098,2.1641252615797533,11.401586444367533,7.951765769989011,1.9898319826927755,9.96952771639642,4.514379515153848,16.45633222047123,2.866554848074715,4.818794681010616,2.547944812567776,2.497597100841669,5.018167611403246,7.341626730282987,6.275418580023327,11.701478601559455,2.918761856609262,5.295464178841833,1
38.09423641689221,4.677728049492889,22.494085945566653,24.14677237730446,18.457232229948673,32.561384529132084,8.858278778080237,23.355210234004147,25.350680710710183,34.929582117821724,9.0219894957913,14.031097675973264,24.587050229636173,18.895200619215395,24.092818770944604,33.343631220841246,28.96002007467195,32.43305632284627,5.544387589562283,16.167098049041183,1
17.635468664810148,1.1145965516951386,11.38197378924494,10.134728643971354,3.2595284740288375,9.362575051711122,2.289180143372919,6.159823525010879,6.871024770314169,11.605430868357251,2.883769233820577,3.894704444959576,6.945534457687128,6.345796423279823,6.896191708410398,8.883065364678018,8.35466436835209,9.450089770322734,1.4734890830718799,1.0582143432613604,1
10.36051212969121,4.0331978529032835,4.544754054102173,4.718590007917252,1.3879915811004844,3.9011058528530125,1.4580734993480142,4.789005279066083,4.805365793131026,11.232254150244298,2.9518211497316926,3.5713749970760924,7.544239691176143,4.838835429401275,4.992857185680877,4.9920116693017205,7.354490779685197,5.797166503392701,0.9276897392231084,1.7971389180376809,1
20.0546018202429,2.8558079271440024,6.368200196683271,11.132764865924225,6.868777707824097,7.708992620297456,2.258610499414012,8.360162629648388,5.774265432367816,12.85659173594025,5.638223313925088,5.5409406793253355,5.936060232215478,7.044917558129702,8.550600199947615,7.978158456218874,9.404817955579203,12.363188774842316,1.8579836285106923,3.4503592433889074,1
16.450758036073353,0.5683513058079228,1.8547820215064479,1.2717656932828132,3.1276153836148537,5.995650100907386,0.23277064271485112,5.9687455739413995,5.6220230897806065,5.979427902432159,3.576283733720844,2.1023212130760633,1.5528789927184508,2.6239096503025787,4.414329588256924,3.915325849568304,5.587403504652361,9.95932151270677,0.4315955124823879,0.764583169865538,1
13.757388164470045,2.490611440932182,7.349726926532492,8.846873657577014,5.31235304807475,12.113912141548564,2.446187489308306,7.407028125637986,8.913242701110581,13.612923729367388,3.411799550359855,6.684708956199299,4.933028645692299,5.862524044360852,9.630050344739251,8.253316382390704,7.745321987553896,9.123055672699103,2.6199682137883435,5.486245455528304,1
9.472924040451161,4.655137965066283,3.7093127192242354,2.0828569889729476,1.3970347169998651,4.544377917647371,0.7767725757565718,2.645779419910843,3.6269232129634874,12.371981138397667,2.7262380145606198,2.3384494423551514,9.204188105423263,2.8928384311989825,5.882043969625358,8.006805747027412,6.86220272040633,3.1379311676306902,1.604429540006624,1.0619962598002914,1
36.66063369273658,2.4993373578079274,21.338415341083483,22.488088190222122,11.212532168888389,28.596222911674964,4.308298756780065,24.512725242689196,13.166328441730773,30.863252682082305,5.381356145481225,15.435388588575561,17.053788515038836,13.773332269441697,18.94241538378049,22.3872408023592,25.425579566663778,31.34117967084,3.23039552081417,11.387214670625008,1
16.449969715636016,1.6175503600811445,11.746332695475147,13.792595742341021,6.917796982326895,10.472348234670614,3.1874615341936487,10.78229412520443,7.140229969160398,18.931733397029994,3.3533089951840496,6.409999385661787,8.436617655510737,6.7035482635995125,12.008750485366011,9.856806321902623,10.306769910006736,11.707012913923965,3.6687061736210334,6.511811331038377,1
7.714603481486475,0.2598115155104231,6.208266927951841,8.248346351165784,2.567047993487833,5.373110759932565,2.3166546186260972,6.153861598440064,7.095991112590144,12.814809011194747,3.66930815488163,3.650311729854265,1.8429381377464633,4.023654954227346,6.813569266171773,5.23159721503022,5.196940765803423,6.420859874515514,1.9192845049445006,1.4802972201830598,1
3.6284369595492247,4.50752939779978,3.3981415642777204,5.128398111108889,1.868420255460959,3.8102243902606983,2.0426557253561084,3.2133711379383314,5.062401297797578,3.9755046654273913,1.4375941429888581,2.225132273664734,3.4707788066673113,1.7627855178963723,4.383205008016531,3.5544542313089282,3.6823298607081907,2.878911406452971,0.15410292846261286,1.8155098037090194,1
92.40725559649371,8.488684239471164,69.61934386138911,57.27306164339129,39.17173774142701,97.6578416254202,13.97556922670574,69.14836153271104,43.69851223551261,77.0949091615882,18.4451397108003,57.17462282274696,54.14089506058421,44.18801291075691,61.54744908011454,88.23017689270117,88.90658610573271,90.79324712291798,19.750697939535883,40.295150110549145,1
9.165071984407525,2.644227028038127,3.9585405342433786,8.144366169636006,5.942062744110946,3.4882555614363415,1.1974153146054203,5.289899054782963,8.269541494450527,6.4735215291618005,4.070685881331152,4.137614623297009,3.049439960426792,3.456927090728533,2.722094331664049,9.54043331312927,4.2950790422450735,5.255907908336912,1.0624148183578548,4.8376476184851285,1
15.289665176368652,1.7439630550578569,12.69608591186952,10.243519642698452,5.173942342893572,21.46626109286055,5.334512921303665,12.194976172463408,8.88451403319251,13.609095455496579,5.0074238519401835,9.331847324838696,9.718149092684383,7.833718597176966,8.727175461526446,12.83753205479119,14.42994782501399,17.323343789543983,1.5979176532563315,3.5562473690585983,1
1.0,1.0,0.0,1.0,3.0,2.0,0.0,1.0,0.0,4.0,2.0,0.0,0.0,0.0,2.0,6.0,3.0,3.0,1.0,2.0,1
31.685053446091274,4.128279100115763,9.665054765041901,15.282217686147469,28.472800849094895,30.829317492903872,9.55498472574871,24.706119597371444,4.422416457696059,38.03851908873002,9.639639702825603,16.041328244635995,16.993103008091033,9.28932879119952,14.934366518328448,21.897951307893305,19.865527702274377,21.23068151872301,13.742828470936484,12.580253331444304,1
9.026874620866497,4.611702438625967,8.793250210037968,10.201580100118179,7.429831423130476,9.834588575264615,3.768112441849945,11.092614714627098,9.638239964948186,15.536634943365327,3.7599100839319473,8.197701465682554,6.255491961705541,4.489603694073178,9.623383943031714,9.319124758811562,7.763254604903547,8.796683434517808,1.7990001851909565,6.062482621828175,1
22.81735670880096,9.879721161908334,28.613706709044365,22.34007110949298,18.108893942156076,68.03732438781165,2.9011204848964285,19.91407463958056,16.431673470843858,28.442935882584717,5.5936548048797095,24.66439706634911,25.8292922366625,13.012239373298595,10.577343973234923,37.76721749825034,28.637869772674836,20.266106832912154,4.261246611713334,15.907826612897193,1
40.666187652591326,3.107105387445619,27.86483394274961,27.298042316745192,14.075764882235502,29.93742807554891,7.908532880004877,23.067882292410445,29.842113659012423,36.87656779379226,10.593547048665132,18.401383253750012,20.45961034451281,20.17244318374187,29.340883763495526,23.097532755740023,24.932420173626063,30.867784960999217,8.174031376929245,12.31972033272776,1
7.0,3.0,4.0,3.0,7.0,5.0,1.0,2.0,7.0,5.0,5.0,2.0,3.0,1.0,1.0,5.0,3.0,7.0,1.0,5.0,1
61.51545313572321,3.3303696057373546,26.49831284904108,29.539335857545623,12.275160694477652,31.621687066860698,7.133261272068814,23.244434290898745,20.63853029204549,37.75705178255459,13.802328355874941,16.161601402299606,22.90456720097707,16.361539970096587,23.340978826741402,28.991588635342517,23.51912623729755,28.177916641475736,3.0211906304547798,9.164271708612285,1
5.668457917897614,3.0682732385221523,1.2126941679586687,2.4326597922993614,0.7423317696572749,2.431339288832245,0.6747160995875944,2.8387197073900707,5.469126483735664,12.618073822931482,3.506824572137564,2.8138383585702287,8.117253524749922,3.883130774577169,7.048268507232293,8.357086751213268,5.518297212310014,4.351689106287755,1.3466599274095967,0.900649543558818,1
17.230302395311046,1.9150571894428405,8.889150799819689,11.339320655787997,4.7364465253204235,11.128920417887368,4.047705207169667,9.863166844319899,16.952403938294832,16.984477902475465,5.442460387281398,6.363418806481304,5.698113934410765,8.885510311045667,16.671249563326853,10.210789875544538,8.901815437272504,8.807916033346247,3.190482671972948,5.740972516227664,1
8.140679090214569,0.032559051804081814,1.5708797220263369,0.8580216490867474,1.076741865165985,4.91379697124308,0.06370283505277922,4.062104942248962,1.850412504500982,3.3677109451623375,0.5666294695175986,0.34803077191610976,0.8756971104762653,0.38583679147665045,1.304314503281002,2.8239770333955785,3.040710487619601,7.439175219222599,0.6983768395764791,0.5798876244167946,1
6.051993211404184,0.0,4.579547975952228,9.13182890445133,2.5,6.710513729118804,2.4210274582376083,5.921027458237609,10.73921936204652,7.579835693047147,3.6590959519044564,5.2386439278566845,1.5,2.42073974114269,3.7625069405229885,3.000287717094918,2.2900617050710323,3.92073974114269,3.0,1.5798356930471462,1
5.497001090273817,2.5560198532745377,1.2438221839975345,2.6013896508179966,0.7250255950743649,2.1625782222470487,0.29773958427169767,2.4308782424827524,2.864271009909142,8.501846924362635,3.3951010787808724,1.5766775954616847,8.10504566352412,3.0289577111058508,2.414629716747928,5.746206128083357,2.275780913461116,3.9854944399233436,1.1030513765080343,0.4888012319888641,1
15.383265666656454,5.438783317229765,10.286246157817521,10.715344371251385,4.798702771349104,10.840481155268307,1.523787951602419,10.150759356917225,6.326884957598992,13.526070140905203,5.46436001511473,4.317559314744412,11.14077211886247,7.346259041408586,11.74535606349213,10.754628128010529,8.93538518147601,18.10627273417148,3.833491871773954,5.365708854344835,1
7.076570887020258,0.2264598014214856,4.512614489583966,4.561188196300646,1.0226777383214198,3.6387167916689602,0.5887810057254115,2.168250264368153,8.131444137535137,4.319529340648396,1.017670387064727,1.2920650458665326,6.10958243352181,1.4390796339167498,5.177644893349003,3.7290575771945256,4.090736216938609,5.53092204037742,0.913816867429848,1.454700895007897,1
6.380235223919122,3.235375508584968,3.059625547552545,4.239887507667897,4.683334823626657,6.846881174591896,1.8869973942392426,6.286347696200655,5.959282173040392,8.568806595111717,2.5809387617468422,3.745215908189607,4.022117224627928,4.1476045206976275,2.992916990943527,6.587294525195107,8.524744604967388,8.032574833793468,1.3930089086632642,3.8273047803691282,1
16.436217695800046,2.706782852665414,7.454749924686992,8.71688538322188,5.052221881502343,14.646762240467988,2.444316076269705,8.283583876955152,10.370493780577261,15.768724758432251,4.191010194958758,7.324173500811119,5.252785953640423,6.248209884984261,11.00535892887093,8.905781251392435,8.611582331921845,10.250072789495047,2.6352338231963097,5.694712663060071,1
7.6506657725956595,0.5011101425967789,6.9116281022203045,11.669300265642299,3.4442705741263318,5.259679695706168,1.8677581221280917,5.176380730285609,6.8650927558215615,8.885037212442535,2.8622115334864997,4.967524281070339,7.490109785542179,6.027586417504383,2.994095954268066,4.015242362471666,4.809805478389098,6.093745579558237,2.9196321547603934,3.5875804492922208,1
2.2632833460484454,0.0,0.4972811662075367,0.04934336791878468,1.517048403171088,2.7210557020442563,0.3377923031038359,1.5194218954159182,6.283874667326137,1.7892313939835136,2.821675715741649,0.45441702458449035,1.2386647039531948,0.3736492446242088,8.051222037162542,2.162740133348912,1.9479219489401447,1.525247193748145,0.0,0.4468361261378774,1
12.725608347136765,1.6730003102192175,1.7300266247128908,2.8682249096409,10.224970304800767,10.309310371108747,3.1512344173046705,18.89653505072495,5.029431399076526,19.43047519857105,6.242358364298199,4.257948269118957,4.319102792754437,2.2727177706647104,4.0934966424425845,10.977784263977131,8.302899487882591,8.977736479392261,0.45391412865413294,8.057493024314924,1
16.982672763827072,2.231856156992851,9.742138140305277,13.034042045955847,10.202278662843709,11.805605003514513,3.9736714267156588,8.314565211099115,14.041852482173821,14.210787678032041,2.767450601548748,7.190447030834872,6.813503240364951,5.116423805425219,9.730505422348228,12.555022777040971,7.441732920045674,8.588019655123967,3.9480705616402965,7.309671605790331,1
16.79003225190052,1.1155289247967646,7.855757108587788,15.488044220916473,3.688542546453509,11.25364646319711,3.301884017058717,7.843471941385025,14.73445838920152,15.12336428110337,4.662145808811454,5.835101558456853,7.273232181042311,8.414049812398474,12.958072467692986,10.674677856552002,7.769934723326558,10.90389434461643,3.49324401252151,4.821259272020911,1
9.8159923855291,1.5077516922986862,5.321901977712716,2.2288989869272338,7.1908490087202,8.086675703480516,0.4676683869489464,7.917578987943243,2.172573909410338,11.998058155702674,4.07728880686461,2.3717046703595486,2.4844031104994215,4.118172275993632,2.29366179532541,5.503741171419277,3.716104333679293,8.662037041016468,2.4069611977626924,2.6584807463945204,1
55.94616390670897,7.274928179738276,34.40107020101186,48.63487652742238,22.845937918321983,39.47454103064025,17.326709277313476,35.500691685317875,47.57749426813139,57.36674845737866,13.149296778011252,24.755680684236665,31.17249095626443,27.14838405177857,56.0434680996773,35.77729281477614,33.36864534069202,41.7390739870554,10.013169213394145,23.484429189248,1
11.0,3.0,0.0,0.0,2.0,2.0,0.0,3.0,3.0,7.0,1.0,1.0,1.0,1.0,0.0,1.0,1.0,9.0,2.0,3.0,1
10.0,1.0,2.0,3.0,1.0,5.0,0.0,4.0,4.0,10.0,3.0,0.0,2.0,1.0,3.0,3.0,6.0,5.0,0.0,3.0,1
12.055936664474197,3.019493218346682,7.163391687497806,9.040391871162171,4.966890103765404,8.108829147129896,2.987224276174309,8.133854713006755,5.051933481714842,14.84349656603357,3.730238622840328,5.49328171262764,3.579204871148877,4.4160546433997965,14.822616959406362,7.38931461815584,4.307525731730563,8.386792781060642,3.067941972678084,8.439957637715228,1
13.715937294700526,1.7200999883809265,5.568608918580266,4.820704911697235,3.1385774804098854,11.04700346251472,0.40995275064834646,9.3482512882533,11.732675245640603,12.151271130205508,2.4715991769709613,5.377909166494651,2.748757250744185,5.4053127774412335,3.735328389850569,13.582679134489744,11.201418615506709,12.369080754937686,1.6618815714441322,0.79336269520191,1
50.74025037244406,2.103471910400265,24.33021684714349,28.92953968313476,8.976267106505727,25.95226144142548,5.509283395884734,15.362121718013793,24.743510604751386,32.70737072207733,7.859437203494846,12.881719130303276,16.831916431037218,15.53410995829379,14.914377863556627,19.17735984826035,22.18265026832647,21.304182157050278,4.181098863167131,6.781490027088371,1
8.121489112289694,0.43812870739390086,2.2707652742982445,3.0242692898399075,2.3463053076566553,4.760004065512697,0.5101223357186674,4.739176401270724,3.727167128443784,6.797117557957297,2.138008415932,2.1261323276132966,1.6255682968848746,1.6795064457917712,2.4170164812077535,3.554136942964142,5.016756888163845,6.738341572811963,2.614665531902693,2.3539040975210472,1
15.895494800031816,3.7784777079868372,3.2378968154597496,4.44567116779618,9.450401874973503,8.195928554497497,0.9109566698230395,11.025136617950858,7.126402034599141,20.361514987088373,3.275056522649003,3.4536845944291557,3.5960282116243345,2.929111967947453,6.993001096629445,8.665857868320325,5.797172068053868,13.116383748822154,4.57706475822554,4.170060183961026,1
50.158487420963546,2.2968767651405146,35.13957627751979,37.66990159144271,19.596632066097524,33.687888782121355,8.588477713937964,29.211082091981933,25.14313285815014,51.820750253124984,13.680236858805035,21.212185935649114,24.638986933309223,22.677563062134137,31.285501189134283,28.27617675483692,25.483463398969263,29.62813712292019,7.233351175561588,14.574511320683202,1
41.07355762815473,4.364542044489574,40.920726529004725,23.380510105985817,32.007457112105435,46.74246921089886,12.052706529942977,28.566684715531643,20.811831212280673,45.700337209322136,14.175538273978212,33.16324819622976,34.66888381942584,24.853387617661408,29.80315263155433,50.24552592994448,41.68423887051574,37.0026578920835,8.889853014006919,25.896017613542135,1
11.699526693139404,1.127237556123065,10.533814801009633,11.282709890685872,5.12275213651161,8.408092233650708,3.41090938037845,8.44684256831369,8.595965190444119,15.53734630025438,3.1530234198289135,4.34601795850484,6.324902021411233,7.550062341191733,10.349839487828334,6.440097983164874,5.328490017452518,7.234566290189504,1.0510371107925935,4.0567686812746135,1
9.863562775730589,1.467185804198375,5.7850241816472625,7.839651961476179,7.9796360747497355,10.138146454943904,1.6113916882307322,12.614604920376738,11.31334496743487,16.55555537256533,4.595005731221069,5.611028816337007,2.7313479226645185,2.5775481273420975,4.170126520724926,7.3447868932669556,5.988259821020834,10.089722341794738,1.8461726074436617,3.877398983500304,1
8.22239701302761,0.22199509927805522,3.195971984456643,3.5616046697486534,3.999613289841708,4.977051621271961,0.7907734429254595,6.697873470919372,7.379301025879515,11.270952022257774,2.5130951549209697,5.228647970600392,1.6461890332537181,3.485585097310145,1.8685426901324411,3.941247234081442,6.5741469413995635,7.796214383830309,1.9126495473723992,2.7165556300294886,1
27.44464399515698,4.408314254830219,8.28988400372768,7.437681981034846,28.340218972735162,20.95300483662125,7.284291602872536,27.911283352467045,10.265414876126334,48.260926745897315,8.583077126221257,9.578181910575669,13.74784121357692,6.747835946039242,15.394341441536344,21.201860725434358,14.524296549301047,26.167865613004107,8.903320271466274,17.55892758515538,1
5.636128064213264,1.5781637731548928,3.0329478040957554,4.353270785654702,2.158010930304026,4.77515357214273,3.5036704243457675,1.9121732192941896,5.103372800075513,4.371110624713145,1.809857645298654,2.835809646352965,2.614910192159408,4.6309054017107,6.605558745827433,4.58089278415327,2.532408902220391,4.231063555042835,2.5549452606639598,3.178981774245371,1
25.650074185846645,5.434155139261693,19.333416240785315,17.67195353827809,18.926641832127096,23.71477524685211,7.543373242340451,23.406862608574798,22.832418059445644,34.52603584615365,8.382004032585943,13.575707163979638,17.33292389053337,13.645171589906045,21.272261228413814,25.062754902637288,21.53983639554618,24.923908600406758,4.483758612465348,15.74162441172199,1
30.584805336405516,2.1890032584536034,18.088280516327345,9.839183156577839,11.845806927295289,37.524324847660296,4.191978408454195,17.821727674124695,12.905435276000203,20.33292957816228,4.85811209901259,25.79424297332502,11.569992633307104,11.348098610327531,14.660360425118276,23.940287247096844,26.331481713154187,21.247234968675343,8.321197803379349,14.606512054351914,1
34.51159195255851,2.0359903163803232,37.97455463875369,40.90088819051098,24.41810378877432,31.686794107220354,7.548886885818021,36.471004390969235,34.93537097273823,43.8226336588379,16.686553399010762,27.305767936770692,19.70758160844536,24.705802420238026,30.024062508298965,33.59942460719564,24.89163819212622,28.071344986170075,5.37063584760359,19.333804354882506,1
17.131703295233216,0.954769029973591,10.21222485464552,17.089887991034118,4.286673033236561,7.2076139439014595,1.7540032021229854,12.165293839923061,20.210115658498754,15.351092139974838,4.152920525649036,6.417382466784211,5.79248637344413,7.146519949817883,10.219971677033808,8.110552200525387,9.99005200031701,10.704678396035634,1.4644997828237503,3.6380643497188245,1
23.548642836551615,1.6632409337674952,15.612630841086483,13.707759880912946,7.3454470983253035,20.714562399200023,1.9145920318038636,13.942632576611427,14.978796680171781,14.665209610569528,5.079958992757102,10.748882854159143,10.216143098442565,7.562919820366681,6.568570431374185,20.001183314016373,26.231802803917994,21.617453610620394,3.2140836504071717,6.667758247651544,1
4.4097270319592985,0.4659292457262577,1.2071850152318957,0.845775210452499,3.2878095466867014,3.499128913733622,0.21530939891063475,2.663401850532528,1.543104296234027,3.340431618186035,1.0253098226727646,0.5108735873438133,1.8214166276891883,1.0361804221012048,1.252388171326455,2.231724821161217,1.8337964343699251,4.328835679795786,1.3721041461589878,1.1100417813477454,1
10.014529162299485,0.3043862734309261,1.9793658866325554,1.2985767697139832,6.786703172964821,8.464951484669196,0.3856572918780202,8.382903975993795,3.7641571945555636,13.715566731038958,3.9328268214273483,2.546019643732697,2.048798941437335,2.8623257101651314,3.100135357304902,6.863544845370715,4.9119313447167245,7.893019655778823,1.1604940766693965,2.5833986236900945,1
9.557026369084387,0.0,7.086878686716609,5.664012538311432,1.3547118528681776,2.854281053133856,1.2649881958493205,8.97608978133025,5.478042322736396,8.79611140006277,2.5450296238354535,4.304874847433725,4.757473202845911,5.598266529607352,4.10465199076848,6.931857121363718,4.942364703918134,2.5802990723889496,0.0,1.2002781604436024,1
26.21794336260614,9.534261874876856,33.765387959579684,21.344793653774918,17.642160239899955,62.43042117305308,2.9672668039504835,23.50510286479205,20.44365879558513,28.937447514781457,7.593653808058847,32.45630134062817,19.68813920684412,15.088728540321073,8.392376884272425,47.88761494157138,30.965194724747757,24.855773283182216,5.015770093764589,21.271033630874506,1
31.498656405608823,12.07380211828483,31.124122008703996,10.1537735074043,14.64736499346609,63.41709141217251,5.376391469353178,13.770637534537755,10.330808883301625,21.565044091058574,6.6532020597169526,11.034315308826384,21.479264407317498,11.132080993025905,13.648221063583195,30.627644721475534,18.99925138292839,23.298812213682563,6.422414722885612,9.74884581967131,1
42.92005013441581,5.775482772503348,36.69179347692228,38.944607853911954,22.761425584320286,38.067760367550434,11.41847919768425,33.07163852132136,33.4068810435076,45.753358646467284,13.986851558449025,23.90707087924531,25.05998715542861,20.311686418355325,37.00572133487899,30.929415653093766,27.769969704727522,31.453787828891613,12.296141928161678,19.470290119743094,1
10.645451854196857,0.6541921882896153,5.15885888660037,9.746288691857998,2.7790395978993896,4.4275611932023695,1.0439534888464295,7.617632727567169,10.682009580226392,12.913504989654168,2.9141244024738886,6.080815353017195,1.27342740773081,10.59741170495398,6.005334768735285,7.0768994428786005,6.825141417560735,6.817229529678044,1.0988498202131443,2.6414671542718575,1
12.226184756667415,0.8390554266059087,12.635755691626741,9.420702509740767,4.066931802732871,9.899164268990937,1.6826221231454779,9.13341475262377,4.324562621702067,15.235505061226705,3.5921927914355343,5.6458266533442725,5.369002561082069,5.188888542391457,10.629383429293757,8.315620567153905,9.236223361443024,9.638780892249434,4.154353808696444,3.7649906873027885,1
16.12747035229293,1.2595654959183091,11.118795684664292,8.788038677014528,3.6780974056887366,9.041260387730716,1.5046060617957693,9.103621134144959,5.65913322015853,13.32736438231721,3.258874554905259,4.254851461386355,6.775489074525331,4.720506684966496,10.064980083143414,7.921691648524921,8.414255207941233,9.169880259241404,1.1724146618966849,5.639216737144418,1
9.0,5.0,0.0,0.0,0.0,0.0,0.0,0.0,2.0,0.0,2.0,2.0,4.0,1.0,6.0,5.0,3.0,2.0,2.0,0.0,1
2.0,0.0,0.0,0.0,1.0,8.0,0.0,0.0,6.0,2.0,1.0,0.0,3.0,3.0,6.0,2.0,1.0,1.0,1.0,1.0,1
3.6745544582853342,7.410242490920435,2.547869070631688,4.182310289959063,2.03798131184127,5.1996296097214465,1.194923619012423,1.9664750247306437,3.9273915982430303,2.453825999538851,1.814544890821653,3.9306685354499775,3.4217538830426864,1.9002446061332787,3.3289554938630483,3.8719532124603133,2.525398071479807,2.311797373569803,0.4793542834647207,1.8212945725968916,1
8.0,4.0,5.0,4.0,0.0,4.0,1.0,1.0,0.0,7.0,2.0,3.0,6.0,4.0,7.0,0.0,1.0,3.0,2.0,2.0,1
1.7394348431293567,0.6933617926078586,0.49333868620897053,0.5499699419014259,3.839582790756212,1.772907396987935,0.21365874915480434,3.308997674392993,0.6462264206178098,4.817420888208696,0.9489234319019413,0.5192847784107186,1.0467459846084848,0.48220553686242673,1.2120664801722125,1.797515798713499,1.414574442605722,3.0849331958379844,0.894162517010681,3.524481321810318,1
8.531403296344394,0.022813000166476905,1.5438250139380516,1.1056813569681827,1.9857048147749388,3.7416459936491115,0.3798349578177924,4.105986329430185,1.8847966457010537,3.7306844058271222,1.2259376902862487,0.18446872202867554,1.1426424400737905,0.9241782858344453,1.1681683338760012,1.9850747946576834,3.200979669685758,5.902445195548525,0.8062758979887064,0.42766189345572597,1
9.652807680272,1.5807928241461875,7.234698779052206,11.38173147498552,7.023751046397861,7.665151352140289,3.2691236022109855,3.8207215517992443,5.459010649484639,4.55052932116605,1.0,8.239700899640614,5.780358845623198,10.939827602551203,10.103085964443068,8.468191259966256,5.026892605079979,4.058466914647729,0.5907507532942903,4.156884200853677,1
14.751310649448518,0.8051956734943039,10.297300848256143,15.341312812028082,0.8327504111180475,9.379128780593653,2.8492039284827144,5.752767697761867,4.2350822218629665,12.931729387346449,2.8388970668943796,3.7968216403992803,4.125794868312198,4.79821227362474,7.494353170564192,9.00575300090299,9.12839008731585,12.091478144327857,0.6960884560867727,0.8486241505568767,1
5.510705665850322,0.7447123084641202,4.110665891034908,5.600704491039775,2.638621639757782,4.171022749919191,1.2958561439821628,4.81323525322044,5.61102225694046,7.408657398175891,2.8204385207995015,3.587829617962042,2.7375209036891603,3.077918619334431,4.8337379200976995,5.263490740349192,3.8727790160867013,3.7950112861418583,0.9011966955850236,2.205703830144824,1
45.960202978018934,8.358993551068913,46.66858330904104,50.65445996658651,29.223582495202965,39.47026841371674,15.179569342073004,51.025734380974164,56.277502848811906,59.091537142077655,17.726490650176633,39.17188480249105,25.929108482193712,21.00925977703284,41.17776512301331,50.63509757641298,38.160691459249136,48.2989692339095,8.87409963663434,32.10673948165761,1
51.057281174780606,11.026422156809854,40.13734818728922,44.15479491998036,24.364784922080005,46.67280067102495,15.250461126090565,32.31302870955358,37.50785439111507,51.80073277068447,14.89588399129849,24.169498633857277,32.61047246860316,22.860694456230384,45.752236233481405,35.936458356128966,31.97640183952813,38.390471762474284,17.740341168174798,22.382283430417665,1
8.747546367984613,0.0,0.7336667513652643,0.9998933324806363,2.0,5.8129834324777905,0.0,3.755080015713429,2.006833057212215,4.784268432628364,0.9636135847398806,1.2441976740385194,0.47467106047525964,0.978074340269893,2.258779490358445,1.978274906794993,2.5176619630682,3.7407836340800267,1.0,2.0,1
53.29973014318539,7.703097155112927,32.73287693519646,36.36885530766924,34.91429189855819,43.71627336163456,12.934136413821113,59.32008504744155,37.03320038836264,88.32852924142894,16.880713668769488,30.5023294267233,22.185330449816277,27.73520376949054,36.88837450721417,49.936417563077,35.5794585244952,48.65097654465093,7.749784669095584,22.54207809213603,1
29.51553494180199,3.45024457672405,24.279803414718653,25.605682671043823,13.658545685784594,28.069601676578714,7.882795697975502,21.659671861866425,21.90126885540291,30.344770132537814,6.0649179258124795,15.207439108823808,17.096472862169342,15.628463071698993,22.654871683701614,25.54293488963846,25.092254250192656,27.274107397243615,4.665954394016397,13.40659805860599,1
10.240823166688044,1.3846436660637247,3.813311550087403,4.155444253696769,5.204945334873872,10.668704119921058,1.3165379840715605,8.583059804899236,6.119693156291623,12.538351960823237,4.974692555304207,3.009163343933601,3.571517465626592,3.0477251149779168,4.710979961850186,6.815723504465713,4.632811143531676,7.2000442830510725,2.960334666891955,3.0518509852263254,1
15.557335496829397,5.220290426276681,2.4417164316517304,3.564581397042169,9.123951413713296,11.297830132270319,2.994776332012551,11.295333014681612,3.7829550661070064,21.221640663842656,4.758322134728578,3.9796490819374664,6.033883517415558,4.77297832403099,6.389705095552438,8.505559141691132,5.451601331722575,10.866844047285717,4.022237204256138,6.718855294068294,1
17.819274058996005,0.2524812531664733,2.059078213493907,2.497921921190256,3.6585533035709474,6.377411354834615,0.22859191242771257,5.495711638685305,7.274661236524819,6.119876031200717,2.848493947980082,1.2368464396790348,2.1369369054527314,1.4415167574475267,0.8643352229704686,6.746650180196318,7.026207879178468,8.633763547499303,0.7569820595557949,0.5252022457227135,1
24.081202367757367,2.326415627256569,10.027853392476231,8.665404904277878,2.0207804156504428,8.140895193811716,2.7178737989458654,8.357934551450864,6.733890590491466,15.229869426163479,2.8697851676304036,5.429454688608947,2.419894629326778,9.90426817169015,12.534941782541082,7.862131264736021,9.472178987271686,9.048379867906542,1.849179183487393,4.306098432376062,1
14.87866381833849,1.0343797204452707,6.049300201964704,5.770388213497007,1.2916114139560158,4.370179321850472,1.8994456112302318,5.977701699664304,4.574249994354418,13.927397259184195,2.689333578008253,4.317829659138238,2.661481230936143,8.136316800093725,9.35716898658283,5.573435667686318,6.73964765212203,6.273727228063431,1.4961512361716467,1.9812668505779683,1
14.767374141339461,1.063204728893882,9.23995059042648,9.724240295427501,3.659453430979336,8.466280564563528,2.330710462567042,8.644683253749191,3.762307415007481,12.832355478478362,2.7301761828164777,3.7464404772436204,5.679166023039135,5.231615672490369,8.463833326204103,6.488342073603446,8.244247402234365,10.560479751320745,1.4547205568198431,3.9097102276956646,1
41.49310819092061,6.536121778464147,30.584494556513203,24.978778466799092,18.91378473570778,35.73269672167461,2.570716431811387,24.356407532076968,19.527869909337703,37.11000420427401,5.565538202029928,25.02196965111793,38.01438030761308,18.081049248219802,12.911324609491707,39.0637717921906,37.786612611535325,36.994589984748245,9.776886035094712,18.001714787066287,1
18.092796515020506,1.7367447194921033,12.35466011411726,13.052745662149091,6.694912106041564,12.743900010436517,3.6960271139383183,9.83443558980398,6.165640939976131,17.997404489192522,3.3685780757232675,6.457759921731197,10.031533657939445,8.456083769452873,9.608466332231016,8.990253746103036,10.650852827381362,13.606969076005447,3.3607537639500062,5.1015841440844065,1
3.0,1.0,0.0,1.0,3.0,1.0,1.0,3.0,2.0,3.0,1.0,0.0,0.0,0.0,0.0,6.0,1.0,3.0,1.0,2.0,1
24.7944289895891,0.4594664995646967,11.572979994430526,19.076282331984387,3.740692099140701,10.225056003106252,2.1974995874123016,10.880930328371388,13.78955711821452,19.171057795173116,6.9427264951307714,5.006351793807078,4.202705582454397,9.461462521615205,15.738849672203624,11.39169530308968,8.323738719791105,10.079876327997223,1.1614634035478264,2.78179755051493,1
13.00988880188401,2.7076073941092,8.42134598914366,7.111031056675896,5.017154308735486,13.742929375480923,6.418440171902862,8.752585614272462,6.445032111982192,10.217896949285455,2.881362026370614,8.337375404270622,6.500971404608724,5.469455382123218,9.371398498709969,8.666769071227034,8.236549733537549,9.674608529213836,3.4614361826869544,6.555536464227425,1
15.099504315533613,1.9573495224468769,11.719995613673637,13.672507447999815,6.664554689257913,11.477880967021049,3.6416759253991664,13.763674238255911,13.66118693689305,17.383692000311857,4.529296420711551,8.422765191906596,5.312965047607112,8.787404934336786,17.513512644659706,12.633958038129514,9.378510608729016,12.166842540119008,2.1491465053731234,7.06419962135195,1
56.22660237500266,3.556190071318278,29.985930732739913,23.897371035738246,17.8910239583012,40.45659389764669,4.72356777082479,30.77601076153994,21.202282305557798,40.00730620597701,8.664716924681079,24.932456925347932,21.856935345333365,16.65877381049094,20.122032960127797,32.35485268848273,39.99165999911285,40.67590676043284,5.557626191566734,15.460698891170557,1
8.248530151382512,0.14803831357420644,0.7648452148077198,0.336682423324445,3.153210308821597,5.768873141926476,0.0,3.4085877358667473,2.1959416719528524,3.304054997500781,1.0594230022263693,0.4110924166014549,0.9520516254078786,0.21502415498272476,0.6992522543119479,2.4616524110737448,2.623329832307017,4.765960214061347,1.0636652950193135,0.41992390771205934,1
30.079209523543213,1.4334698335104428,19.208775973387645,16.79471302218089,14.928670375132056,24.311443911847356,3.8986355872220653,14.974269307809806,15.701914912041584,25.249734274750455,7.6271360312521574,15.911705604419039,13.790162233350385,12.2957290562462,15.189741061295498,17.445766663873552,20.799772579319367,19.517800776802538,5.273936149386331,10.569317641410427,1
16.972112653498975,1.0213069994289605,6.522068630643251,6.694163523849467,2.132811309766551,5.198026653984814,2.359544250190243,7.661373363492007,5.766204919732157,13.868769587584833,2.876786596025143,6.406840765543249,2.527758062477761,9.203197899811142,9.812707752441623,8.98327797989058,8.245104551658152,7.738345965630078,1.463983755401277,2.5457777173228227,1
9.271644004958336,3.2377243672678,4.828856120650589,6.6059941846551755,2.7618432375998325,4.97366261435482,0.9775720672636229,4.716625882062324,8.257118109448077,9.955099826569382,2.8798768207515337,2.963477380871964,5.185670345341644,4.428246586827763,4.845401193244411,6.204034987436921,4.88448216373178,6.79188024955243,0.951648291555485,4.2787793740736415,1
11.76608216330347,1.5970111442469246,5.101583981162782,6.0054205905970495,8.163516734900355,11.868398466203706,1.3909602505473035,13.56033913028316,8.595454880042265,16.637978192630452,4.960427281570991,4.639039640927969,2.9760241769369498,2.457013823005782,3.95042780748679,7.971901970341694,5.696257717483315,10.933484031371334,2.8028581417743337,3.926763299712345,1
18.77786692728043,0.651910281689477,13.039817664773562,8.405434516944414,11.602187330376104,22.281303785688316,3.364300902783951,9.856910465426209,9.4786022945449,17.667997135959027,3.9764851803170003,11.358303364021388,5.369047893251965,5.72928369977017,6.3434510747442445,17.097850172977278,12.955256405444823,14.435229436855527,2.223253217566964,11.386273141950952,1
10.07487468334339,0.6267919634350803,9.55384673082446,7.562241672845237,5.11208719560861,9.633954554264632,1.4983620107403286,6.7504932764522305,4.149484561419942,8.991867920198553,3.4705926009175405,3.983745929381642,6.529656734614912,3.8781192019591284,8.861152158809572,6.504308735995972,6.46497496305432,9.775600271636291,0.9849307398794435,2.594436237106833,1
26.539440114697843,3.8565719748565637,17.238331905499017,22.11949212056954,11.090884487938471,19.03616715469907,6.8412136675616475,20.5141902156532,17.50601895382685,36.48960817217714,6.999434567200895,12.507552370546454,11.739624710459776,12.628821359968901,20.875043015564646,20.195681022488937,15.416109405297204,19.447980889123503,3.3241747471727607,7.635078376851057,1
6.341000969851839,1.6660667366268758,1.532795347550468,4.156694061936324,1.603362536882385,5.734779646858875,1.91750743906559,6.037702762607145,3.4373443346972667,5.225719881617598,2.2954963911567225,2.594810012264897,2.4532215187839985,3.6986681841007125,6.724438495842732,3.874123914867549,4.445461389407935,7.0789064466194915,1.5661239140675576,1.6165230127022954,1
19.20108257772694,2.0502075195831324,11.6133548935164,16.273738868145976,4.080409429418301,13.820473028971962,4.219630439304097,7.544875351291519,7.800306922032448,22.960382587061698,6.536359015521741,4.718221218354245,8.623705498641922,9.321146606813729,13.166901182431616,9.375232381042617,9.899467389237472,10.31506436607573,2.2043227991600562,4.276979816180788,1
15.509072250049828,0.9355487037757559,1.850002062983689,1.5683055934426569,7.994010516329863,7.608201522486387,0.7614685555609048,10.422080239991987,4.010858587982643,17.051217566121824,5.14611806684831,2.914049747491891,4.910395462200917,1.9365496653421,3.2603238006132162,7.32788743371444,6.537024158163443,10.467303305862139,2.812903271700799,2.9768391351495733,1
7.5325688613555055,0.8491700451007651,6.8095625661472425,8.904088353168351,2.3329026624413975,9.22240327080703,1.8072565398346556,7.805043254863967,8.400012650836107,8.93593242877656,3.245012374145675,3.383091090541472,6.679416980112496,3.517716254611047,4.776316636954152,6.625945377679451,4.846707142149377,12.043466965958718,0.5358559139763645,2.74645809489975,1
18.59381189949107,3.810163739178836,11.015471449437618,11.419745495891927,9.083862672886637,18.10990506352549,8.04340744028922,13.307582883410804,17.993623327006446,21.299060164485113,5.121185961113456,9.031225840130572,12.937566661180314,6.753340775208222,20.958095290482778,14.561146303929528,11.61891789067628,15.095301259695486,4.50113228195769,11.742923302771105,1
60.637407049591125,2.2307454084413174,32.331909429435086,26.76734870443958,18.195731845091917,33.917937154768,6.2159053170844745,22.83947241541664,13.352293548865214,50.70770265396982,9.189416142860876,19.00971830975133,20.71571519670948,25.208687046835713,27.708513622595973,38.16419728623224,33.93292843569915,38.92590573868154,4.847869249785536,10.101162427846907,1
124.3892463416543,0.17262637775459846,46.063458828255214,53.874215558624705,22.238598148836054,76.11082511946702,5.294059018978361,40.886481782386234,51.87085656925196,75.38711396795152,20.101861499530123,35.19631640420745,14.969532934924922,62.503138408495545,46.532291227911266,59.90390269286921,47.754593044891735,43.93989460964749,6.733377095157423,19.080687340444676,1
22.934840010447655,1.4488942807906695,9.570754291624855,8.781046302755389,1.8994554522121772,8.826468782847758,2.4229360835348475,6.261504710337911,6.823316258522781,15.027661354685295,2.528681640715261,4.163067500360761,2.174035095784714,9.3530543978073,12.048591076374663,6.522660575304129,8.358266852220142,8.172522991919541,2.2832348876503334,3.400858580235034,1
2.275178747448352,0.0,0.39803379348158774,0.03460201826513391,1.5012309874621428,2.7317930360078972,0.5735793922634592,1.3599680759282133,6.017739473068183,1.9468832754918823,2.4601820187188563,1.7582743172371347,1.3901965674158485,0.4936811246906591,7.983894480044357,2.434459775221125,1.9770249508999909,1.9400978464813616,0.19902202469469493,0.5237757407563262,1
30.104909577045056,1.1640067825906566,23.89637002864278,24.508159344909043,17.43544652707743,30.15486154124789,4.295513342358947,31.52779317913625,21.556833466140567,44.15668856518651,8.291841870354217,21.36066289330797,18.045488653464936,19.904688191420995,21.42160839641851,34.086435756770065,29.920103958706797,35.85070346753182,2.6849702363039536,9.635971035902596,1
9.456740728838248,4.1783213553283165,4.855538173534504,5.575179235931167,1.9913216754380259,5.663415693901567,2.479958127034068,1.8827419753441172,2.2158312101080115,5.269054565589694,2.3071122713940286,1.2413070222124247,4.218739079929335,2.7067505301305466,8.258542520366285,2.9337657340499677,3.622390983030745,3.819395548398669,2.3321791788681714,0.9930181238590993,1
15.14298067167154,2.0515101303095777,10.937240085591636,12.162304338375092,13.336698244457024,11.083565905748294,2.329880758288349,13.989876623884026,14.06887281140148,19.64507725097172,5.503059532824104,11.55998390803911,8.288622743149597,7.5756563105783155,10.493976807843357,16.435303646225396,11.529430766672258,16.417326859444408,2.300946681971293,13.146647557772042,1
7.0,1.5,0.0,0.0,1.5,7.5,0.5,4.0,3.0,7.5,2.5,0.0,0.0,0.0,1.5,1.5,3.0,4.5,0.0,1.5,1
16.357153184245455,3.507616610975402,11.796904073752788,9.782163536238883,7.511679341005948,17.426396802834834,6.991905752233221,11.468161928157002,8.10358526691348,15.654082700737106,4.066538755551337,6.9426013566039035,10.627106532560294,7.012572858046055,11.188181213439487,14.36190693999755,8.958386685350643,13.48225566563616,4.81914049539133,8.941937303513068,1
10.798228569028616,0.5470784810326259,3.4658955794706747,1.9928434173284142,4.192455019980047,8.43577946625592,0.34056450866012206,6.376565125582815,4.598234474287837,7.221579783223971,2.261657675075789,1.7059210024985951,0.0,1.0811909034294793,4.143208967821071,4.7264746400795365,4.108084382167991,1.8423318113493725,2.247638462857249,0.9142971798447266,1
2.6318867424356305,0.4184131213416957,1.7362423468023358,0.22052284129929411,2.5323740905213836,3.9499711184360784,0.21869619122645542,4.168191589961969,0.0,3.549530313578474,2.4491829628510735,0.18402835777102228,0.0,0.8873226676587362,1.0,2.755444217478789,1.3889913312236937,3.3629105515975324,0.0,0.546927349673704,1
8.229296885786365,0.9012927567387086,4.369592180426124,6.881591470840166,2.5569711927244367,5.913332348958343,2.1245167857464433,6.224173695174836,6.1865361211439405,11.03581098202379,2.280874951668185,2.980998518819683,3.7584792748185265,3.95931376428901,7.625730264432986,5.958495147091206,5.41930995714933,6.056778556950464,0.8439037077480733,2.693732110808706,1
31.531619417051296,9.412105530259755,28.001752540853353,23.879145389249008,15.471751917929563,65.12054035248012,4.467767902294075,19.628880504639753,22.427760143349275,28.62074639152877,7.30473741087851,19.09974645438486,18.977847428360377,14.634963753451057,13.511393185518966,46.641867860120165,28.293349503741716,18.680413987412518,5.174662829836863,13.116168133219182,1
9.891777653007638,1.06352856141987,6.760600457824444,8.242648743652452,4.113699602788401,12.940858971000385,1.1374748394723657,6.390222983759475,6.307879020567852,7.213920566290976,3.7363356119494058,5.183217573219667,4.2523642563616075,3.662464218343442,5.054302829817222,6.967470795747321,10.61738785230756,10.224803527995523,1.394031966949004,2.84485154753802,1
19.26602494505655,1.130491466573729,7.774937468392165,8.585690629412133,1.6588046346689616,6.6168261163583235,2.152734548742216,6.836234117714951,6.568352021690951,16.621956269439682,2.543772362005007,6.560606254824835,4.173425142328278,11.13476030758421,11.013103461457234,7.930183190487032,7.672240442440507,7.72799516534394,2.3301912747152436,2.7041742200698615,1
30.233875400566166,17.47418932687243,30.545211005857073,20.52968936698488,14.77595465764516,65.52034361929255,2.7171020313916583,16.21110543632968,17.93673488007158,22.444359199799646,5.4599421482864265,18.93956105937055,30.01143366309279,12.694025598086183,10.514462623416865,40.249252250074726,36.566207650496054,22.84316452301069,5.922808062012639,15.41285708181757,1
48.6165308504794,2.889448484035427,32.13339575525394,16.181317290565595,17.41727072573514,56.89385556984172,6.5041328642883,27.826642319099086,21.088777322565342,33.6529755252874,8.473075423321596,39.24019742098342,18.0218885873849,20.05010930403246,21.10713401103046,36.76495978995056,38.12027869199446,32.2726868170432,9.686280763597612,17.061098850284765,1
28.003890516951145,1.7183473919583683,19.88271561891843,25.801070233462838,10.259632945562828,17.46097554540736,4.469974420161509,10.878793593254882,10.716316872588322,27.20566352800108,13.793837823532517,7.101897733109305,12.468126822263448,10.045035270505117,12.851233316134854,23.284147994855456,14.25405925776176,17.474912708115962,3.895958865342742,7.4366309790321035,1
11.182266860281192,1.3755318466140676,10.174283792062308,14.174081763354147,7.2925372931381425,6.283833940953054,2.041263373666282,5.8781674731439235,9.639626649091221,9.9264869528428,4.123605495014037,8.1117504635748,9.989216724307823,8.028108199102375,6.491426237483498,9.153489218042882,7.387853926140986,7.788523364821773,0.4752476014191932,5.4841945798145035,1
17.475557929289305,1.0611394213254097,8.538175188078597,18.05259965679951,4.947362939583432,11.167212467702743,3.2573033867481356,9.833016224058692,16.535948519057147,18.401333024174885,6.0901944948588635,7.4012774362397,9.133795385368936,9.735883513735944,13.340700728225126,12.761160184199658,8.418121938199015,11.597348143747121,3.290583439027053,4.96348863441383,1
17.072798585745492,0.83062513962195,8.834354435389901,7.492923458791962,5.748904732069538,15.712548993550035,3.105667163429639,8.249924474554165,9.094695685155502,13.736098256755023,4.017696819795494,7.024974966381364,7.674594224680273,7.8857185741424,11.104351258921895,10.32856575025889,9.067405135505327,7.805965038662264,2.83578608736375,7.375262730535669,1
30.354527352101965,1.3094632780321356,22.814990710054374,23.724756792924452,16.655051038890317,31.315168044990394,4.390719149405879,32.8763762204115,22.301109951102102,44.52208970218999,8.034901229955969,22.54530474791194,18.203084875724272,20.36979915875853,20.814829938631515,35.511795172618875,31.95450768460714,36.814598658339186,2.5024889448703944,9.983460556250899,1
7.540789467711462,1.1032598098539386,3.7001051424074833,6.837934579650276,2.091724944596232,5.468798572029317,2.3884598679799653,6.754316792311094,7.750212662825614,8.943494108287979,3.7587573750432566,3.3258850642630393,2.981584887291241,3.91851009479455,8.822953918010532,6.575557610232683,5.614445702001817,5.555060841068803,1.550016766353623,4.318316928134739,1
37.122040319709456,0.6882157015396553,24.435579497000653,13.55740284912693,18.587102808980344,40.69012341083844,5.01320562194778,15.038638501644966,15.595769674207524,28.792507398464654,6.50160890410123,20.704858527921022,8.603425572405927,12.4796242291249,14.583105468869022,28.822290666159756,25.184128018703426,23.31327637437672,5.205663631182856,20.082636552036547,1
24.007569178097643,3.871936981175239,15.876603046091464,15.303824586884383,17.093431981431987,20.671707225474947,6.112164397439808,23.874306624235103,14.793570793491885,35.275519015703495,6.879380244034084,12.308957245651174,12.096128394725914,8.893266719311345,19.01233209400472,19.761116613112673,14.412218506496927,23.10098907665175,4.469980691214791,12.186918186261346,1
3.0618150142440523,1.4754192907409445,1.725519488188377,1.0,2.1761013352225045,4.48786738907513,0.0,2.287267550272353,0.0,4.238423408552691,1.750043105009129,0.2130110237687165,0.0,3.338972142165496,1.0,1.2501158633209772,0.580373623817237,2.905215053050193,0.2747135543942199,1.2378544336187638,1
20.328606951260355,0.9409529363310578,11.001388342952728,17.04531205092305,4.3508767872765475,10.031379002482904,2.571560928570565,9.422500787094911,11.132179114128654,18.3513130076654,4.077867707870398,5.191226126752393,6.756515298615488,7.8006645006779465,15.405595611781367,10.33645271084645,8.940382920819376,11.087188371431065,2.089405004126881,4.139328934874524,1
41.253185073681074,1.6626846859828384,27.304350752687782,26.998737636723106,19.059945787114746,35.60815821140969,5.260675377620356,26.25962101732033,24.85253690786523,38.02489130176754,11.733545727282937,22.66505398231668,21.118774688648614,18.79041506182727,19.690949986292683,27.633456724588,40.343919639631515,34.58880246610583,5.173233615996648,15.979329712281237,1
8.090764155670493,0.3333246692727997,6.816282784303992,10.235265065650355,2.112068970175468,3.8455088815138048,2.133377783227006,8.951967770747798,5.916079327283032,10.292113992483118,4.457624588867302,6.402732554201213,1.166796985799925,2.3260622423184993,8.952278521732232,4.213362562771355,4.3783368966035,6.646777458511943,0.38156841181993884,2.355133741606513,1
4.712632641130676,1.4001817967134969,0.8220807120787244,1.8277886920347477,3.7829646551887426,0.5106363542802095,0.934269897654912,2.959758958438096,6.465207693924962,21.70301924905752,3.9365753074894037,2.5519297375944516,6.55097348910587,2.143037016609129,4.125674040639241,11.502282667539202,6.317737913565531,4.919783458651566,2.304602565918798,1.5274001314368983,1
6.317052978384932,5.012890441246854,2.803339813475062,4.743113635491701,1.7215906118368005,4.635014920719041,1.7648419781971274,4.188473198943004,5.442523775087131,5.506023924034068,2.5581994028492816,2.479256182606995,3.686578237429979,3.298380652485135,4.28904560207635,4.38295299430504,4.9811925741228285,4.571577841140579,0.6331159356544594,2.9857590521127357,1
